<?xml version="1.0" encoding="UTF-8"?>
<beans xmlns="http://www.springframework.org/schema/beans"
	xmlns:xsi="http://www.w3.org/2001/XMLSchema-instance" xmlns:context="http://www.springframework.org/schema/context"
	xmlns:aop="http://www.springframework.org/schema/aop"
	xmlns:tx="http://www.springframework.org/schema/tx"
	xsi:schemaLocation="  
           http://www.springframework.org/schema/beans  
           http://www.springframework.org/schema/beans/spring-beans-3.2.xsd  
           http://www.springframework.org/schema/aop  
           http://www.springframework.org/schema/aop/spring-aop-3.2.xsd
           http://www.springframework.org/schema/context  
           http://www.springframework.org/schema/context/spring-context-3.2.xsd
           http://www.springframework.org/schema/tx 
           http://www.springframework.org/schema/tx/spring-tx.xsd">
           
    <context:component-scan base-package="cn.gdqy.aotw.service" />
    <context:property-placeholder location="classpath:resource/*.properties" />
    <tx:annotation-driven transaction-manager="transactionManager" />
    
    <bean id="dataSource" class="com.mchange.v2.c3p0.ComboPooledDataSource">
    	<property name="driverClass" value="${jdbc.driver}"/>
		<property name="jdbcUrl" value="${jdbc.url}"/>
		<property name="user" value="${jdbc.user}"/>
		<property name="password" value="${jdbc.password}"/>
		<property name="acquireIncrement" value="${jdbc.acquireIncrement}" />
		<property name="initialPoolSize" value="${jdbc.initialPoolSize}" />
		<property name="minPoolSize" value="${jdbc.minPoolSize}" />
		<property name="maxPoolSize" value="${jdbc.maxPoolSize}" />
    </bean>
    
    <bean id="sqlSessionFactory" class="org.mybatis.spring.SqlSessionFactoryBean">
    	<property name="dataSource" ref="dataSource" />
    	<property name="configLocation" value="classpath:mybatis-config.xml"></property>
		<property name="mapperLocations" value="classpath:cn/gdqy/aotw/mapper/*Mapper.xml"/>
    </bean>
    
    <!--  需要对于多个mapper进行配置时，可改为下面的批量扫描方式 -->
    <bean class="org.mybatis.spring.mapper.MapperScannerConfigurer">
        <!-- 指定扫描的包名，  如果扫描多个包，每个包中间使用半角逗号分隔-->
        <property name="basePackage" value="cn.gdqy.aotw.mapper"/>
        <property name="sqlSessionFactoryBeanName" value="sqlSessionFactory"/>        
    </bean>
    
  	<bean id="transactionManager" class="org.springframework.jdbc.datasource.DataSourceTransactionManager">
    	<property name="dataSource" ref="dataSource" />
    </bean>
</beans>