<?xml version="1.0" encoding="UTF-8"?>
<!DOCTYPE log4j:configuration PUBLIC "-//APACHE//DTD LOG4J 1.2//EN" "log4j.dtd">
<log4j:configuration xmlns:log4j="http://jakarta.apache.org/log4j/">
 
	<!-- Appenders -->
	<appender name="console" class="org.apache.log4j.ConsoleAppender">
		<param name="Target" value="System.out" />
		<layout class="org.apache.log4j.PatternLayout">
			<param name="ConversionPattern" value="%d{yyyy HH:mm:ss} %-5p %c - %m%n" />
		</layout>
	</appender>
	
	<!-- Application Loggers -->
	<logger name="com">
		<level value="error" />
	</logger>
	
	<!-- 3rdparty Loggers -->
	<logger name="org.springframework.core">
		<level value="error" />
	</logger>	
	
	<logger name="org.springframework.beans">
		<level value="error" />
	</logger>
	
	<logger name="org.springframework.context">
		<level value="error" />
	</logger>
 
	<logger name="org.springframework.web">
		<level value="error" />
	</logger>
 
	<logger name="org.springframework.jdbc">
		<level value="error" />
	</logger>
 
	<logger name="org.mybatis.spring">
		<level value="error" />
	</logger>
	<logger name="java.sql">
		<level value="error" />
	</logger>
	<!-- Root Logger -->
	<root>
		<priority value="error" />
		<appender-ref ref="console" />
	</root>
	
</log4j:configuration>
