
[
  {
    "featureType": "green",
    "elementType": "geometry",
    "stylers": {
      "color": "#20363cff"
    }
  },
  {
    "featureType": "green",
    "elementType": "geometry",
    "stylers": {
      "color": "#232c3aff",
      "level": "14"
    }
  },
  {
    "featureType": "water",
    "elementType": "geometry",
    "stylers": {
      "color": "#283952ff"
    }
  },
  {
    "featureType": "land",
    "elementType": "geometry",
    "stylers": {
      "color": "#232c3aff",
      "level": "12"
    }
  },
  {
    "featureType": "land",
    "elementType": "geometry",
    "stylers": {
      "color": "#283952ff"
    }
  },
  {
    "featureType": "building",
    "elementType": "geometry",
    "stylers": {
      "visibility": "off"
    }
  },
  {
    "featureType": "highway",
    "elementType": "all",
    "stylers": {
      "visibility": "off"
    }
  },
  {
    "featureType": "arterial",
    "elementType": "all",
    "stylers": {
      "visibility": "off"
    }
  },
  {
    "featureType": "manmade",
    "elementType": "geometry.fill",
    "stylers": {
      "color": "#232c3aff"
    }
  },
  {
    "featureType": "manmade",
    "elementType": "labels",
    "stylers": {
      "visibility": "off"
    }
  },
  {
    "featureType": "local",
    "elementType": "all",
    "stylers": {
      "visibility": "off"
    }
  },
  {
    "featureType": "subway",
    "elementType": "geometry",
    "stylers": {
      "visibility": "off"
    }
  },
  {
    "featureType": "subway",
    "elementType": "labels",
    "stylers": {
      "visibility": "off"
    }
  },
  {
    "featureType": "poilabel",
    "elementType": "labels.text.stroke",
    "stylers": {
      "color": "#141920ff"
    }
  },
  {
    "featureType": "poilabel",
    "elementType": "labels.text.fill",
    "stylers": {
      "color": "#356e9aff"
    }
  },
  {
    "featureType": "poilabel",
    "elementType": "labels.icon",
    "stylers": {
      "visibility": "off"
    }
  },
  {
    "featureType": "medicallabel",
    "elementType": "labels.icon",
    "stylers": {
      "visibility": "off"
    }
  },
  {
    "featureType": "educationlabel",
    "elementType": "labels.icon",
    "stylers": {
      "visibility": "off"
    }
  },
  {
    "featureType": "airportlabel",
    "elementType": "all",
    "stylers": {
      "visibility": "off"
    }
  },
  {
    "featureType": "scenicspotslabel",
    "elementType": "all",
    "stylers": {
      "visibility": "off"
    }
  },
  {
    "featureType": "scenicspots",
    "elementType": "all",
    "stylers": {
      "visibility": "off"
    }
  },
  {
    "featureType": "railway",
    "elementType": "geometry",
    "stylers": {
      "color": "#4a596eff"
    }
  },
  {
    "featureType": "railway",
    "elementType": "labels.icon",
    "stylers": {
      "visibility": "off"
    }
  },
  {
    "featureType": "railway",
    "elementType": "labels.text.stroke",
    "stylers": {
      "visibility": "off"
    }
  },
  {
    "featureType": "railway",
    "elementType": "labels.text.fill",
    "stylers": {
      "color": "#4a596eff"
    }
  },
  {
    "featureType": "districtlabel",
    "elementType": "labels.text.stroke",
    "stylers": {
      "color": "#13171dff"
    }
  },
  {
    "featureType": "districtlabel",
    "elementType": "labels.text.fill",
    "stylers": {
      "color": "#4e5961ff"
    }
  },
  {
    "featureType": "entertainment",
    "elementType": "all",
    "stylers": {
      "visibility": "off"
    }
  }
]