<?xml version="1.0" encoding="UTF-8" ?>
<!DOCTYPE mapper PUBLIC "-//mybatis.org//DTD Mapper 3.0//EN" "http://mybatis.org/dtd/mybatis-3-mapper.dtd" >
<mapper namespace="com.liguanghong.gdqylatitude.mapper.AdminMapper" >
  <resultMap id="BaseResultMap" type="com.liguanghong.gdqylatitude.pojo.Admin" >
    <id column="adminID" property="adminid" jdbcType="INTEGER" />
    <result column="adminName" property="adminname" jdbcType="VARCHAR" />
    <result column="password" property="password" jdbcType="VARCHAR" />
    <result column="signInTIme" property="signintime" jdbcType="TIMESTAMP" />
    <result column="signOutTime" property="signouttime" jdbcType="TIMESTAMP" />
  </resultMap>
  <sql id="Example_Where_Clause" >
    <where >
      <foreach collection="oredCriteria" item="criteria" separator="or" >
        <if test="criteria.valid" >
          <trim prefix="(" suffix=")" prefixOverrides="and" >
            <foreach collection="criteria.criteria" item="criterion" >
              <choose >
                <when test="criterion.noValue" >
                  and ${criterion.condition}
                </when>
                <when test="criterion.singleValue" >
                  and ${criterion.condition} #{criterion.value}
                </when>
                <when test="criterion.betweenValue" >
                  and ${criterion.condition} #{criterion.value} and #{criterion.secondValue}
                </when>
                <when test="criterion.listValue" >
                  and ${criterion.condition}
                  <foreach collection="criterion.value" item="listItem" open="(" close=")" separator="," >
                    #{listItem}
                  </foreach>
                </when>
              </choose>
            </foreach>
          </trim>
        </if>
      </foreach>
    </where>
  </sql>
  <sql id="Update_By_Example_Where_Clause" >
    <where >
      <foreach collection="example.oredCriteria" item="criteria" separator="or" >
        <if test="criteria.valid" >
          <trim prefix="(" suffix=")" prefixOverrides="and" >
            <foreach collection="criteria.criteria" item="criterion" >
              <choose >
                <when test="criterion.noValue" >
                  and ${criterion.condition}
                </when>
                <when test="criterion.singleValue" >
                  and ${criterion.condition} #{criterion.value}
                </when>
                <when test="criterion.betweenValue" >
                  and ${criterion.condition} #{criterion.value} and #{criterion.secondValue}
                </when>
                <when test="criterion.listValue" >
                  and ${criterion.condition}
                  <foreach collection="criterion.value" item="listItem" open="(" close=")" separator="," >
                    #{listItem}
                  </foreach>
                </when>
              </choose>
            </foreach>
          </trim>
        </if>
      </foreach>
    </where>
  </sql>
  <sql id="Base_Column_List" >
    adminID, adminName, password, signInTIme, signOutTime
  </sql>
  <select id="selectAllByExample" resultMap="BaseResultMap" parameterType="com.liguanghong.gdqylatitude.pojo.AdminExample" >
    select
    <if test="distinct" >
      distinct
    </if>
    <include refid="Base_Column_List" />
    from admin
    <if test="_parameter != null" >
      <include refid="Example_Where_Clause" />
    </if>
    <if test="orderByClause != null" >
      order by ${orderByClause}
    </if>
  </select>
  <select id="selectByExample" resultMap="BaseResultMap" parameterType="com.liguanghong.gdqylatitude.pojo.AdminExample" >
    select
    <if test="distinct" >
      distinct
    </if>
    <include refid="Base_Column_List" />
    from admin
    <if test="_parameter != null" >
      <include refid="Example_Where_Clause" />
    </if>
    <if test="orderByClause != null" >
      order by ${orderByClause}
    </if>
  </select>
  <select id="selectByPrimaryKey" resultMap="BaseResultMap" parameterType="java.lang.Integer" >
    select 
    <include refid="Base_Column_List" />
    from admin
    where adminID = #{adminid,jdbcType=INTEGER}
  </select>
  <delete id="deleteByPrimaryKey" parameterType="java.lang.Integer" >
    delete from admin
    where adminID = #{adminid,jdbcType=INTEGER}
  </delete>
  <delete id="deleteByExample" parameterType="com.liguanghong.gdqylatitude.pojo.AdminExample" >
    delete from admin
    <if test="_parameter != null" >
      <include refid="Example_Where_Clause" />
    </if>
  </delete>
  <insert id="insert" parameterType="com.liguanghong.gdqylatitude.pojo.Admin" >
    insert into admin (adminID, adminName, password, 
      signInTIme, signOutTime)
    values (#{adminid,jdbcType=INTEGER}, #{adminname,jdbcType=VARCHAR}, #{password,jdbcType=VARCHAR}, 
      #{signintime,jdbcType=TIMESTAMP}, #{signouttime,jdbcType=TIMESTAMP})
  </insert>
  <insert id="insertSelective" parameterType="com.liguanghong.gdqylatitude.pojo.Admin" >
    insert into admin
    <trim prefix="(" suffix=")" suffixOverrides="," >
      <if test="adminid != null" >
        adminID,
      </if>
      <if test="adminname != null" >
        adminName,
      </if>
      <if test="password != null" >
        password,
      </if>
      <if test="signintime != null" >
        signInTIme,
      </if>
      <if test="signouttime != null" >
        signOutTime,
      </if>
    </trim>
    <trim prefix="values (" suffix=")" suffixOverrides="," >
      <if test="adminid != null" >
        #{adminid,jdbcType=INTEGER},
      </if>
      <if test="adminname != null" >
        #{adminname,jdbcType=VARCHAR},
      </if>
      <if test="password != null" >
        #{password,jdbcType=VARCHAR},
      </if>
      <if test="signintime != null" >
        #{signintime,jdbcType=TIMESTAMP},
      </if>
      <if test="signouttime != null" >
        #{signouttime,jdbcType=TIMESTAMP},
      </if>
    </trim>
  </insert>
  <select id="countByExample" parameterType="com.liguanghong.gdqylatitude.pojo.AdminExample" resultType="java.lang.Integer" >
    select count(*) from admin
    <if test="_parameter != null" >
      <include refid="Example_Where_Clause" />
    </if>
  </select>
  <update id="updateByExampleSelective" parameterType="map" >
    update admin
    <set >
      <if test="record.adminid != null" >
        adminID = #{record.adminid,jdbcType=INTEGER},
      </if>
      <if test="record.adminname != null" >
        adminName = #{record.adminname,jdbcType=VARCHAR},
      </if>
      <if test="record.password != null" >
        password = #{record.password,jdbcType=VARCHAR},
      </if>
      <if test="record.signintime != null" >
        signInTIme = #{record.signintime,jdbcType=TIMESTAMP},
      </if>
      <if test="record.signouttime != null" >
        signOutTime = #{record.signouttime,jdbcType=TIMESTAMP},
      </if>
    </set>
    <if test="_parameter != null" >
      <include refid="Update_By_Example_Where_Clause" />
    </if>
  </update>
  <update id="updateByExample" parameterType="map" >
    update admin
    set adminID = #{record.adminid,jdbcType=INTEGER},
      adminName = #{record.adminname,jdbcType=VARCHAR},
      password = #{record.password,jdbcType=VARCHAR},
      signInTIme = #{record.signintime,jdbcType=TIMESTAMP},
      signOutTime = #{record.signouttime,jdbcType=TIMESTAMP}
    <if test="_parameter != null" >
      <include refid="Update_By_Example_Where_Clause" />
    </if>
  </update>
  <update id="updateByPrimaryKeySelective" parameterType="com.liguanghong.gdqylatitude.pojo.Admin" >
    update admin
    <set >
      <if test="adminname != null" >
        adminName = #{adminname,jdbcType=VARCHAR},
      </if>
      <if test="password != null" >
        password = #{password,jdbcType=VARCHAR},
      </if>
      <if test="signintime != null" >
        signInTIme = #{signintime,jdbcType=TIMESTAMP},
      </if>
      <if test="signouttime != null" >
        signOutTime = #{signouttime,jdbcType=TIMESTAMP},
      </if>
    </set>
    where adminID = #{adminid,jdbcType=INTEGER}
  </update>
  <update id="updateByPrimaryKey" parameterType="com.liguanghong.gdqylatitude.pojo.Admin" >
    update admin
    set adminName = #{adminname,jdbcType=VARCHAR},
      password = #{password,jdbcType=VARCHAR},
      signInTIme = #{signintime,jdbcType=TIMESTAMP},
      signOutTime = #{signouttime,jdbcType=TIMESTAMP}
    where adminID = #{adminid,jdbcType=INTEGER}
  </update>
</mapper>