<?xml version="1.0" encoding="UTF-8" ?>
<!DOCTYPE mapper PUBLIC "-//mybatis.org//DTD Mapper 3.0//EN" "http://mybatis.org/dtd/mybatis-3-mapper.dtd" >
<mapper namespace="com.liguanghong.gdqylatitude.mapper.ChatMsgMapper" >
  <resultMap id="BaseResultMap" type="com.liguanghong.gdqylatitude.pojo.ChatMsg" >
    <id column="msgID" property="msgid" jdbcType="INTEGER" />
    <result column="senderID" property="senderid" jdbcType="INTEGER" />
    <result column="receiverID" property="receiverid" jdbcType="INTEGER" />
    <result column="isSingle" property="issingle" jdbcType="BIT" />
    <result column="type" property="type" jdbcType="INTEGER" />
    <result column="sendTime" property="sendtime" jdbcType="TIMESTAMP" />
    <result column="status" property="status" jdbcType="INTEGER" />
  </resultMap>
  <resultMap id="ResultMapWithBLOBs" type="com.liguanghong.gdqylatitude.pojo.ChatMsg" extends="BaseResultMap" >
    <result column="data" property="data" jdbcType="LONGVARBINARY" />
  </resultMap>
  <sql id="Example_Where_Clause" >
    <where >
      <foreach collection="oredCriteria" item="criteria" separator="or" >
        <if test="criteria.valid" >
          <trim prefix="(" suffix=")" prefixOverrides="and" >
            <foreach collection="criteria.criteria" item="criterion" >
              <choose >
                <when test="criterion.noValue" >
                  and ${criterion.condition}
                </when>
                <when test="criterion.singleValue" >
                  and ${criterion.condition} #{criterion.value}
                </when>
                <when test="criterion.betweenValue" >
                  and ${criterion.condition} #{criterion.value} and #{criterion.secondValue}
                </when>
                <when test="criterion.listValue" >
                  and ${criterion.condition}
                  <foreach collection="criterion.value" item="listItem" open="(" close=")" separator="," >
                    #{listItem}
                  </foreach>
                </when>
              </choose>
            </foreach>
          </trim>
        </if>
      </foreach>
    </where>
  </sql>
  <sql id="Update_By_Example_Where_Clause" >
    <where >
      <foreach collection="example.oredCriteria" item="criteria" separator="or" >
        <if test="criteria.valid" >
          <trim prefix="(" suffix=")" prefixOverrides="and" >
            <foreach collection="criteria.criteria" item="criterion" >
              <choose >
                <when test="criterion.noValue" >
                  and ${criterion.condition}
                </when>
                <when test="criterion.singleValue" >
                  and ${criterion.condition} #{criterion.value}
                </when>
                <when test="criterion.betweenValue" >
                  and ${criterion.condition} #{criterion.value} and #{criterion.secondValue}
                </when>
                <when test="criterion.listValue" >
                  and ${criterion.condition}
                  <foreach collection="criterion.value" item="listItem" open="(" close=")" separator="," >
                    #{listItem}
                  </foreach>
                </when>
              </choose>
            </foreach>
          </trim>
        </if>
      </foreach>
    </where>
  </sql>
  <sql id="Base_Column_List" >
    msgID, senderID, receiverID, isSingle, type, sendTime, status
  </sql>
  <sql id="Blob_Column_List" >
    data
  </sql>
  <select id="selectByExampleWithBLOBs" resultMap="ResultMapWithBLOBs" parameterType="com.liguanghong.gdqylatitude.pojo.ChatMsgExample" >
    select
    <if test="distinct" >
      distinct
    </if>
    <include refid="Base_Column_List" />
    ,
    <include refid="Blob_Column_List" />
    from chatmsg
    <if test="_parameter != null" >
      <include refid="Example_Where_Clause" />
    </if>
    <if test="orderByClause != null" >
      order by ${orderByClause}
    </if>
  </select>
  <select id="selectByExample" resultMap="BaseResultMap" parameterType="com.liguanghong.gdqylatitude.pojo.ChatMsgExample" >
    select
    <if test="distinct" >
      distinct
    </if>
    <include refid="Base_Column_List" />
    from chatmsg
    <if test="_parameter != null" >
      <include refid="Example_Where_Clause" />
    </if>
    <if test="orderByClause != null" >
      order by ${orderByClause}
    </if>
  </select>
  <select id="selectByPrimaryKey" resultMap="ResultMapWithBLOBs" parameterType="java.lang.Integer" >
    select 
    <include refid="Base_Column_List" />
    ,
    <include refid="Blob_Column_List" />
    from chatmsg
    where msgID = #{msgid,jdbcType=INTEGER}
  </select>
  <delete id="deleteByPrimaryKey" parameterType="java.lang.Integer" >
    delete from chatmsg
    where msgID = #{msgid,jdbcType=INTEGER}
  </delete>
  <delete id="deleteByExample" parameterType="com.liguanghong.gdqylatitude.pojo.ChatMsgExample" >
    delete from chatmsg
    <if test="_parameter != null" >
      <include refid="Example_Where_Clause" />
    </if>
  </delete>
  <insert id="insert" parameterType="com.liguanghong.gdqylatitude.pojo.ChatMsg" >
    insert into chatmsg (msgID, senderID, receiverID, 
      isSingle, type, sendTime, 
      status, data)
    values (#{msgid,jdbcType=INTEGER}, #{senderid,jdbcType=INTEGER}, #{receiverid,jdbcType=INTEGER}, 
      #{issingle,jdbcType=BIT}, #{type,jdbcType=INTEGER}, #{sendtime,jdbcType=TIMESTAMP}, 
      #{status,jdbcType=INTEGER}, #{data,jdbcType=LONGVARBINARY})
  </insert>
  <insert id="insertSelective" parameterType="com.liguanghong.gdqylatitude.pojo.ChatMsg" >
    insert into chatmsg
    <trim prefix="(" suffix=")" suffixOverrides="," >
      <if test="msgid != null" >
        msgID,
      </if>
      <if test="senderid != null" >
        senderID,
      </if>
      <if test="receiverid != null" >
        receiverID,
      </if>
      <if test="issingle != null" >
        isSingle,
      </if>
      <if test="type != null" >
        type,
      </if>
      <if test="sendtime != null" >
        sendTime,
      </if>
      <if test="status != null" >
        status,
      </if>
      <if test="data != null" >
        data,
      </if>
    </trim>
    <trim prefix="values (" suffix=")" suffixOverrides="," >
      <if test="msgid != null" >
        #{msgid,jdbcType=INTEGER},
      </if>
      <if test="senderid != null" >
        #{senderid,jdbcType=INTEGER},
      </if>
      <if test="receiverid != null" >
        #{receiverid,jdbcType=INTEGER},
      </if>
      <if test="issingle != null" >
        #{issingle,jdbcType=BIT},
      </if>
      <if test="type != null" >
        #{type,jdbcType=INTEGER},
      </if>
      <if test="sendtime != null" >
        #{sendtime,jdbcType=TIMESTAMP},
      </if>
      <if test="status != null" >
        #{status,jdbcType=INTEGER},
      </if>
      <if test="data != null" >
        #{data,jdbcType=LONGVARBINARY},
      </if>
    </trim>
  </insert>
  <select id="countByExample" parameterType="com.liguanghong.gdqylatitude.pojo.ChatMsgExample" resultType="java.lang.Integer" >
    select count(*) from chatmsg
    <if test="_parameter != null" >
      <include refid="Example_Where_Clause" />
    </if>
  </select>
  <update id="updateByExampleSelective" parameterType="map" >
    update chatmsg
    <set >
      <if test="record.msgid != null" >
        msgID = #{record.msgid,jdbcType=INTEGER},
      </if>
      <if test="record.senderid != null" >
        senderID = #{record.senderid,jdbcType=INTEGER},
      </if>
      <if test="record.receiverid != null" >
        receiverID = #{record.receiverid,jdbcType=INTEGER},
      </if>
      <if test="record.issingle != null" >
        isSingle = #{record.issingle,jdbcType=BIT},
      </if>
      <if test="record.type != null" >
        type = #{record.type,jdbcType=INTEGER},
      </if>
      <if test="record.sendtime != null" >
        sendTime = #{record.sendtime,jdbcType=TIMESTAMP},
      </if>
      <if test="record.status != null" >
        status = #{record.status,jdbcType=INTEGER},
      </if>
      <if test="record.data != null" >
        data = #{record.data,jdbcType=LONGVARBINARY},
      </if>
    </set>
    <if test="_parameter != null" >
      <include refid="Update_By_Example_Where_Clause" />
    </if>
  </update>
  <update id="updateByExampleWithBLOBs" parameterType="map" >
    update chatmsg
    set msgID = #{record.msgid,jdbcType=INTEGER},
      senderID = #{record.senderid,jdbcType=INTEGER},
      receiverID = #{record.receiverid,jdbcType=INTEGER},
      isSingle = #{record.issingle,jdbcType=BIT},
      type = #{record.type,jdbcType=INTEGER},
      sendTime = #{record.sendtime,jdbcType=TIMESTAMP},
      status = #{record.status,jdbcType=INTEGER},
      data = #{record.data,jdbcType=LONGVARBINARY}
    <if test="_parameter != null" >
      <include refid="Update_By_Example_Where_Clause" />
    </if>
  </update>
  <update id="updateByExample" parameterType="map" >
    update chatmsg
    set msgID = #{record.msgid,jdbcType=INTEGER},
      senderID = #{record.senderid,jdbcType=INTEGER},
      receiverID = #{record.receiverid,jdbcType=INTEGER},
      isSingle = #{record.issingle,jdbcType=BIT},
      type = #{record.type,jdbcType=INTEGER},
      sendTime = #{record.sendtime,jdbcType=TIMESTAMP},
      status = #{record.status,jdbcType=INTEGER}
    <if test="_parameter != null" >
      <include refid="Update_By_Example_Where_Clause" />
    </if>
  </update>
  <update id="updateByPrimaryKeySelective" parameterType="com.liguanghong.gdqylatitude.pojo.ChatMsg" >
    update chatmsg
    <set >
      <if test="senderid != null" >
        senderID = #{senderid,jdbcType=INTEGER},
      </if>
      <if test="receiverid != null" >
        receiverID = #{receiverid,jdbcType=INTEGER},
      </if>
      <if test="issingle != null" >
        isSingle = #{issingle,jdbcType=BIT},
      </if>
      <if test="type != null" >
        type = #{type,jdbcType=INTEGER},
      </if>
      <if test="sendtime != null" >
        sendTime = #{sendtime,jdbcType=TIMESTAMP},
      </if>
      <if test="status != null" >
        status = #{status,jdbcType=INTEGER},
      </if>
      <if test="data != null" >
        data = #{data,jdbcType=LONGVARBINARY},
      </if>
    </set>
    where msgID = #{msgid,jdbcType=INTEGER}
  </update>
  <update id="updateByPrimaryKeyWithBLOBs" parameterType="com.liguanghong.gdqylatitude.pojo.ChatMsg" >
    update chatmsg
    set senderID = #{senderid,jdbcType=INTEGER},
      receiverID = #{receiverid,jdbcType=INTEGER},
      isSingle = #{issingle,jdbcType=BIT},
      type = #{type,jdbcType=INTEGER},
      sendTime = #{sendtime,jdbcType=TIMESTAMP},
      status = #{status,jdbcType=INTEGER},
      data = #{data,jdbcType=LONGVARBINARY}
    where msgID = #{msgid,jdbcType=INTEGER}
  </update>
  <update id="updateByPrimaryKey" parameterType="com.liguanghong.gdqylatitude.pojo.ChatMsg" >
    update chatmsg
    set senderID = #{senderid,jdbcType=INTEGER},
      receiverID = #{receiverid,jdbcType=INTEGER},
      isSingle = #{issingle,jdbcType=BIT},
      type = #{type,jdbcType=INTEGER},
      sendTime = #{sendtime,jdbcType=TIMESTAMP},
      status = #{status,jdbcType=INTEGER}
    where msgID = #{msgid,jdbcType=INTEGER}
  </update>
</mapper>