<?xml version="1.0" encoding="UTF-8" ?>
<!DOCTYPE mapper PUBLIC "-//mybatis.org//DTD Mapper 3.0//EN" "http://mybatis.org/dtd/mybatis-3-mapper.dtd" >
<mapper namespace="com.liguanghong.gdqylatitude.mapper.DynamicMapper" >
  <resultMap id="BaseResultMap" type="com.liguanghong.gdqylatitude.pojo.Dynamic" >
    <id column="dynamicID" property="dynamicid" jdbcType="INTEGER" />
    <result column="userID" property="userid" jdbcType="INTEGER" />
    <result column="text" property="text" jdbcType="VARCHAR" />
    <result column="postedtime" property="postedtime" jdbcType="TIMESTAMP" />
    <result column="latitude" property="latitude" jdbcType="DOUBLE" />
    <result column="longitude" property="longitude" jdbcType="DOUBLE" />
    <result column="likeID" property="likeid" jdbcType="VARCHAR" />
    <result column="likeNumber" property="likenumber" jdbcType="INTEGER" />
    <result column="transmitID" property="transmitid" jdbcType="VARCHAR" />
    <result column="transmitNumber" property="transmitnumber" jdbcType="INTEGER" />
    <result column="commentID" property="commentid" jdbcType="VARCHAR" />
  </resultMap>
  <resultMap id="ResultMapWithBLOBs" type="com.liguanghong.gdqylatitude.pojo.Dynamic" extends="BaseResultMap" >
    <result column="pic" property="pic" jdbcType="LONGVARBINARY" />
    <result column="pic2" property="pic2" jdbcType="LONGVARBINARY" />
    <result column="pic3" property="pic3" jdbcType="LONGVARBINARY" />
  </resultMap>
  <sql id="Example_Where_Clause" >
    <where >
      <foreach collection="oredCriteria" item="criteria" separator="or" >
        <if test="criteria.valid" >
          <trim prefix="(" suffix=")" prefixOverrides="and" >
            <foreach collection="criteria.criteria" item="criterion" >
              <choose >
                <when test="criterion.noValue" >
                  and ${criterion.condition}
                </when>
                <when test="criterion.singleValue" >
                  and ${criterion.condition} #{criterion.value}
                </when>
                <when test="criterion.betweenValue" >
                  and ${criterion.condition} #{criterion.value} and #{criterion.secondValue}
                </when>
                <when test="criterion.listValue" >
                  and ${criterion.condition}
                  <foreach collection="criterion.value" item="listItem" open="(" close=")" separator="," >
                    #{listItem}
                  </foreach>
                </when>
              </choose>
            </foreach>
          </trim>
        </if>
      </foreach>
    </where>
  </sql>
  <sql id="Update_By_Example_Where_Clause" >
    <where >
      <foreach collection="example.oredCriteria" item="criteria" separator="or" >
        <if test="criteria.valid" >
          <trim prefix="(" suffix=")" prefixOverrides="and" >
            <foreach collection="criteria.criteria" item="criterion" >
              <choose >
                <when test="criterion.noValue" >
                  and ${criterion.condition}
                </when>
                <when test="criterion.singleValue" >
                  and ${criterion.condition} #{criterion.value}
                </when>
                <when test="criterion.betweenValue" >
                  and ${criterion.condition} #{criterion.value} and #{criterion.secondValue}
                </when>
                <when test="criterion.listValue" >
                  and ${criterion.condition}
                  <foreach collection="criterion.value" item="listItem" open="(" close=")" separator="," >
                    #{listItem}
                  </foreach>
                </when>
              </choose>
            </foreach>
          </trim>
        </if>
      </foreach>
    </where>
  </sql>
  <sql id="Base_Column_List" >
    dynamicID, userID, text, postedtime, latitude, longitude, likeID, likeNumber, transmitID, 
    transmitNumber, commentID
  </sql>
  <sql id="Blob_Column_List" >
    pic, pic2, pic3
  </sql>
  <select id="selectByExampleWithBLOBs" resultMap="ResultMapWithBLOBs" parameterType="com.liguanghong.gdqylatitude.pojo.DynamicExample" >
    select
    <if test="distinct" >
      distinct
    </if>
    <include refid="Base_Column_List" />
    ,
    <include refid="Blob_Column_List" />
    from dynamic
    <if test="_parameter != null" >
      <include refid="Example_Where_Clause" />
    </if>
    <if test="orderByClause != null" >
      order by ${orderByClause}
    </if>
  </select>
  <select id="selectByExample" resultMap="BaseResultMap" parameterType="com.liguanghong.gdqylatitude.pojo.DynamicExample" >
    select
    <if test="distinct" >
      distinct
    </if>
    <include refid="Base_Column_List" />
    from dynamic
    <if test="_parameter != null" >
      <include refid="Example_Where_Clause" />
    </if>
    <if test="orderByClause != null" >
      order by ${orderByClause}
    </if>
  </select>
  <select id="selectByPrimaryKey" resultMap="ResultMapWithBLOBs" parameterType="java.lang.Integer" >
    select 
    <include refid="Base_Column_List" />
    ,
    <include refid="Blob_Column_List" />
    from dynamic
    where dynamicID = #{dynamicid,jdbcType=INTEGER}
  </select>
  <delete id="deleteByPrimaryKey" parameterType="java.lang.Integer" >
    delete from dynamic
    where dynamicID = #{dynamicid,jdbcType=INTEGER}
  </delete>
  <delete id="deleteByExample" parameterType="com.liguanghong.gdqylatitude.pojo.DynamicExample" >
    delete from dynamic
    <if test="_parameter != null" >
      <include refid="Example_Where_Clause" />
    </if>
  </delete>
  <insert id="insert" parameterType="com.liguanghong.gdqylatitude.pojo.Dynamic" >
    insert into dynamic (dynamicID, userID, text, 
      postedtime, latitude, longitude, 
      likeID, likeNumber, transmitID, 
      transmitNumber, commentID, pic, 
      pic2, pic3)
    values (#{dynamicid,jdbcType=INTEGER}, #{userid,jdbcType=INTEGER}, #{text,jdbcType=VARCHAR}, 
      #{postedtime,jdbcType=TIMESTAMP}, #{latitude,jdbcType=DOUBLE}, #{longitude,jdbcType=DOUBLE}, 
      #{likeid,jdbcType=VARCHAR}, #{likenumber,jdbcType=INTEGER}, #{transmitid,jdbcType=VARCHAR}, 
      #{transmitnumber,jdbcType=INTEGER}, #{commentid,jdbcType=VARCHAR}, #{pic,jdbcType=LONGVARBINARY}, 
      #{pic2,jdbcType=LONGVARBINARY}, #{pic3,jdbcType=LONGVARBINARY})
  </insert>
  <insert id="insertSelective" parameterType="com.liguanghong.gdqylatitude.pojo.Dynamic" >
    insert into dynamic
    <trim prefix="(" suffix=")" suffixOverrides="," >
      <if test="dynamicid != null" >
        dynamicID,
      </if>
      <if test="userid != null" >
        userID,
      </if>
      <if test="text != null" >
        text,
      </if>
      <if test="postedtime != null" >
        postedtime,
      </if>
      <if test="latitude != null" >
        latitude,
      </if>
      <if test="longitude != null" >
        longitude,
      </if>
      <if test="likeid != null" >
        likeID,
      </if>
      <if test="likenumber != null" >
        likeNumber,
      </if>
      <if test="transmitid != null" >
        transmitID,
      </if>
      <if test="transmitnumber != null" >
        transmitNumber,
      </if>
      <if test="commentid != null" >
        commentID,
      </if>
      <if test="pic != null" >
        pic,
      </if>
      <if test="pic2 != null" >
        pic2,
      </if>
      <if test="pic3 != null" >
        pic3,
      </if>
    </trim>
    <trim prefix="values (" suffix=")" suffixOverrides="," >
      <if test="dynamicid != null" >
        #{dynamicid,jdbcType=INTEGER},
      </if>
      <if test="userid != null" >
        #{userid,jdbcType=INTEGER},
      </if>
      <if test="text != null" >
        #{text,jdbcType=VARCHAR},
      </if>
      <if test="postedtime != null" >
        #{postedtime,jdbcType=TIMESTAMP},
      </if>
      <if test="latitude != null" >
        #{latitude,jdbcType=DOUBLE},
      </if>
      <if test="longitude != null" >
        #{longitude,jdbcType=DOUBLE},
      </if>
      <if test="likeid != null" >
        #{likeid,jdbcType=VARCHAR},
      </if>
      <if test="likenumber != null" >
        #{likenumber,jdbcType=INTEGER},
      </if>
      <if test="transmitid != null" >
        #{transmitid,jdbcType=VARCHAR},
      </if>
      <if test="transmitnumber != null" >
        #{transmitnumber,jdbcType=INTEGER},
      </if>
      <if test="commentid != null" >
        #{commentid,jdbcType=VARCHAR},
      </if>
      <if test="pic != null" >
        #{pic,jdbcType=LONGVARBINARY},
      </if>
      <if test="pic2 != null" >
        #{pic2,jdbcType=LONGVARBINARY},
      </if>
      <if test="pic3 != null" >
        #{pic3,jdbcType=LONGVARBINARY},
      </if>
    </trim>
  </insert>
  <select id="countByExample" parameterType="com.liguanghong.gdqylatitude.pojo.DynamicExample" resultType="java.lang.Integer" >
    select count(*) from dynamic
    <if test="_parameter != null" >
      <include refid="Example_Where_Clause" />
    </if>
  </select>
  <update id="updateByExampleSelective" parameterType="map" >
    update dynamic
    <set >
      <if test="record.dynamicid != null" >
        dynamicID = #{record.dynamicid,jdbcType=INTEGER},
      </if>
      <if test="record.userid != null" >
        userID = #{record.userid,jdbcType=INTEGER},
      </if>
      <if test="record.text != null" >
        text = #{record.text,jdbcType=VARCHAR},
      </if>
      <if test="record.postedtime != null" >
        postedtime = #{record.postedtime,jdbcType=TIMESTAMP},
      </if>
      <if test="record.latitude != null" >
        latitude = #{record.latitude,jdbcType=DOUBLE},
      </if>
      <if test="record.longitude != null" >
        longitude = #{record.longitude,jdbcType=DOUBLE},
      </if>
      <if test="record.likeid != null" >
        likeID = #{record.likeid,jdbcType=VARCHAR},
      </if>
      <if test="record.likenumber != null" >
        likeNumber = #{record.likenumber,jdbcType=INTEGER},
      </if>
      <if test="record.transmitid != null" >
        transmitID = #{record.transmitid,jdbcType=VARCHAR},
      </if>
      <if test="record.transmitnumber != null" >
        transmitNumber = #{record.transmitnumber,jdbcType=INTEGER},
      </if>
      <if test="record.commentid != null" >
        commentID = #{record.commentid,jdbcType=VARCHAR},
      </if>
      <if test="record.pic != null" >
        pic = #{record.pic,jdbcType=LONGVARBINARY},
      </if>
      <if test="record.pic2 != null" >
        pic2 = #{record.pic2,jdbcType=LONGVARBINARY},
      </if>
      <if test="record.pic3 != null" >
        pic3 = #{record.pic3,jdbcType=LONGVARBINARY},
      </if>
    </set>
    <if test="_parameter != null" >
      <include refid="Update_By_Example_Where_Clause" />
    </if>
  </update>
  <update id="updateByExampleWithBLOBs" parameterType="map" >
    update dynamic
    set dynamicID = #{record.dynamicid,jdbcType=INTEGER},
      userID = #{record.userid,jdbcType=INTEGER},
      text = #{record.text,jdbcType=VARCHAR},
      postedtime = #{record.postedtime,jdbcType=TIMESTAMP},
      latitude = #{record.latitude,jdbcType=DOUBLE},
      longitude = #{record.longitude,jdbcType=DOUBLE},
      likeID = #{record.likeid,jdbcType=VARCHAR},
      likeNumber = #{record.likenumber,jdbcType=INTEGER},
      transmitID = #{record.transmitid,jdbcType=VARCHAR},
      transmitNumber = #{record.transmitnumber,jdbcType=INTEGER},
      commentID = #{record.commentid,jdbcType=VARCHAR},
      pic = #{record.pic,jdbcType=LONGVARBINARY},
      pic2 = #{record.pic2,jdbcType=LONGVARBINARY},
      pic3 = #{record.pic3,jdbcType=LONGVARBINARY}
    <if test="_parameter != null" >
      <include refid="Update_By_Example_Where_Clause" />
    </if>
  </update>
  <update id="updateByExample" parameterType="map" >
    update dynamic
    set dynamicID = #{record.dynamicid,jdbcType=INTEGER},
      userID = #{record.userid,jdbcType=INTEGER},
      text = #{record.text,jdbcType=VARCHAR},
      postedtime = #{record.postedtime,jdbcType=TIMESTAMP},
      latitude = #{record.latitude,jdbcType=DOUBLE},
      longitude = #{record.longitude,jdbcType=DOUBLE},
      likeID = #{record.likeid,jdbcType=VARCHAR},
      likeNumber = #{record.likenumber,jdbcType=INTEGER},
      transmitID = #{record.transmitid,jdbcType=VARCHAR},
      transmitNumber = #{record.transmitnumber,jdbcType=INTEGER},
      commentID = #{record.commentid,jdbcType=VARCHAR}
    <if test="_parameter != null" >
      <include refid="Update_By_Example_Where_Clause" />
    </if>
  </update>
  <update id="updateByPrimaryKeySelective" parameterType="com.liguanghong.gdqylatitude.pojo.Dynamic" >
    update dynamic
    <set >
      <if test="userid != null" >
        userID = #{userid,jdbcType=INTEGER},
      </if>
      <if test="text != null" >
        text = #{text,jdbcType=VARCHAR},
      </if>
      <if test="postedtime != null" >
        postedtime = #{postedtime,jdbcType=TIMESTAMP},
      </if>
      <if test="latitude != null" >
        latitude = #{latitude,jdbcType=DOUBLE},
      </if>
      <if test="longitude != null" >
        longitude = #{longitude,jdbcType=DOUBLE},
      </if>
      <if test="likeid != null" >
        likeID = #{likeid,jdbcType=VARCHAR},
      </if>
      <if test="likenumber != null" >
        likeNumber = #{likenumber,jdbcType=INTEGER},
      </if>
      <if test="transmitid != null" >
        transmitID = #{transmitid,jdbcType=VARCHAR},
      </if>
      <if test="transmitnumber != null" >
        transmitNumber = #{transmitnumber,jdbcType=INTEGER},
      </if>
      <if test="commentid != null" >
        commentID = #{commentid,jdbcType=VARCHAR},
      </if>
      <if test="pic != null" >
        pic = #{pic,jdbcType=LONGVARBINARY},
      </if>
      <if test="pic2 != null" >
        pic2 = #{pic2,jdbcType=LONGVARBINARY},
      </if>
      <if test="pic3 != null" >
        pic3 = #{pic3,jdbcType=LONGVARBINARY},
      </if>
    </set>
    where dynamicID = #{dynamicid,jdbcType=INTEGER}
  </update>
  <update id="updateByPrimaryKeyWithBLOBs" parameterType="com.liguanghong.gdqylatitude.pojo.Dynamic" >
    update dynamic
    set userID = #{userid,jdbcType=INTEGER},
      text = #{text,jdbcType=VARCHAR},
      postedtime = #{postedtime,jdbcType=TIMESTAMP},
      latitude = #{latitude,jdbcType=DOUBLE},
      longitude = #{longitude,jdbcType=DOUBLE},
      likeID = #{likeid,jdbcType=VARCHAR},
      likeNumber = #{likenumber,jdbcType=INTEGER},
      transmitID = #{transmitid,jdbcType=VARCHAR},
      transmitNumber = #{transmitnumber,jdbcType=INTEGER},
      commentID = #{commentid,jdbcType=VARCHAR},
      pic = #{pic,jdbcType=LONGVARBINARY},
      pic2 = #{pic2,jdbcType=LONGVARBINARY},
      pic3 = #{pic3,jdbcType=LONGVARBINARY}
    where dynamicID = #{dynamicid,jdbcType=INTEGER}
  </update>
  <update id="updateByPrimaryKey" parameterType="com.liguanghong.gdqylatitude.pojo.Dynamic" >
    update dynamic
    set userID = #{userid,jdbcType=INTEGER},
      text = #{text,jdbcType=VARCHAR},
      postedtime = #{postedtime,jdbcType=TIMESTAMP},
      latitude = #{latitude,jdbcType=DOUBLE},
      longitude = #{longitude,jdbcType=DOUBLE},
      likeID = #{likeid,jdbcType=VARCHAR},
      likeNumber = #{likenumber,jdbcType=INTEGER},
      transmitID = #{transmitid,jdbcType=VARCHAR},
      transmitNumber = #{transmitnumber,jdbcType=INTEGER},
      commentID = #{commentid,jdbcType=VARCHAR}
    where dynamicID = #{dynamicid,jdbcType=INTEGER}
  </update>
</mapper>