<?xml version="1.0" encoding="UTF-8" ?>
<!DOCTYPE mapper PUBLIC "-//mybatis.org//DTD Mapper 3.0//EN" "http://mybatis.org/dtd/mybatis-3-mapper.dtd" >
<mapper namespace="com.liguanghong.gdqylatitude.mapper.GroupchatMapper" >
  <resultMap id="BaseResultMap" type="com.liguanghong.gdqylatitude.pojo.Groupchat" >
    <id column="groupID" property="groupid" jdbcType="INTEGER" />
    <result column="ownerID" property="ownerid" jdbcType="INTEGER" />
    <result column="groupName" property="groupname" jdbcType="VARCHAR" />
    <result column="status" property="status" jdbcType="INTEGER" />
    <result column="announcement" property="announcement" jdbcType="VARCHAR" />
    <result column="introduction" property="introduction" jdbcType="VARCHAR" />
    <result column="groupmember" property="groupmember" jdbcType="VARCHAR" />
    <result column="groupNum" property="groupnum" jdbcType="INTEGER" />
    <result column="createTime" property="createtime" jdbcType="TIMESTAMP" />
  </resultMap>
  <resultMap id="ResultMapWithBLOBs" type="com.liguanghong.gdqylatitude.pojo.Groupchat" extends="BaseResultMap" >
    <result column="headPortrait" property="headportrait" jdbcType="LONGVARBINARY" />
  </resultMap>
  <sql id="Example_Where_Clause" >
    <where >
      <foreach collection="oredCriteria" item="criteria" separator="or" >
        <if test="criteria.valid" >
          <trim prefix="(" suffix=")" prefixOverrides="and" >
            <foreach collection="criteria.criteria" item="criterion" >
              <choose >
                <when test="criterion.noValue" >
                  and ${criterion.condition}
                </when>
                <when test="criterion.singleValue" >
                  and ${criterion.condition} #{criterion.value}
                </when>
                <when test="criterion.betweenValue" >
                  and ${criterion.condition} #{criterion.value} and #{criterion.secondValue}
                </when>
                <when test="criterion.listValue" >
                  and ${criterion.condition}
                  <foreach collection="criterion.value" item="listItem" open="(" close=")" separator="," >
                    #{listItem}
                  </foreach>
                </when>
              </choose>
            </foreach>
          </trim>
        </if>
      </foreach>
    </where>
  </sql>
  <sql id="Update_By_Example_Where_Clause" >
    <where >
      <foreach collection="example.oredCriteria" item="criteria" separator="or" >
        <if test="criteria.valid" >
          <trim prefix="(" suffix=")" prefixOverrides="and" >
            <foreach collection="criteria.criteria" item="criterion" >
              <choose >
                <when test="criterion.noValue" >
                  and ${criterion.condition}
                </when>
                <when test="criterion.singleValue" >
                  and ${criterion.condition} #{criterion.value}
                </when>
                <when test="criterion.betweenValue" >
                  and ${criterion.condition} #{criterion.value} and #{criterion.secondValue}
                </when>
                <when test="criterion.listValue" >
                  and ${criterion.condition}
                  <foreach collection="criterion.value" item="listItem" open="(" close=")" separator="," >
                    #{listItem}
                  </foreach>
                </when>
              </choose>
            </foreach>
          </trim>
        </if>
      </foreach>
    </where>
  </sql>
  <sql id="Base_Column_List" >
    groupID, ownerID, groupName, status, announcement, introduction, groupmember, groupNum, createTime
  </sql>
  <sql id="Blob_Column_List" >
    headPortrait
  </sql>
  <select id="selectByExampleWithBLOBs" resultMap="ResultMapWithBLOBs" parameterType="com.liguanghong.gdqylatitude.pojo.GroupchatExample" >
    select
    <if test="distinct" >
      distinct
    </if>
    <include refid="Base_Column_List" />
    ,
    <include refid="Blob_Column_List" />
    from groupchat
    <if test="_parameter != null" >
      <include refid="Example_Where_Clause" />
    </if>
    <if test="orderByClause != null" >
      order by ${orderByClause}
    </if>
  </select>
  <select id="selectByExample" resultMap="BaseResultMap" parameterType="com.liguanghong.gdqylatitude.pojo.GroupchatExample" >
    select
    <if test="distinct" >
      distinct
    </if>
    <include refid="Base_Column_List" />
    from groupchat
    <if test="_parameter != null" >
      <include refid="Example_Where_Clause" />
    </if>
    <if test="orderByClause != null" >
      order by ${orderByClause}
    </if>
  </select>
  <select id="selectByPrimaryKey" resultMap="ResultMapWithBLOBs" parameterType="java.lang.Integer" >
    select 
    <include refid="Base_Column_List" />
    ,
    <include refid="Blob_Column_List" />
    from groupchat
    where groupID = #{groupid,jdbcType=INTEGER}
  </select>
  <delete id="deleteByPrimaryKey" parameterType="java.lang.Integer" >
    delete from groupchat
    where groupID = #{groupid,jdbcType=INTEGER}
  </delete>
  <delete id="deleteByExample" parameterType="com.liguanghong.gdqylatitude.pojo.GroupchatExample" >
    delete from groupchat
    <if test="_parameter != null" >
      <include refid="Example_Where_Clause" />
    </if>
  </delete>
  <insert id="insert" parameterType="com.liguanghong.gdqylatitude.pojo.Groupchat" >
    insert into groupchat (groupID, ownerID, groupName, 
      status, announcement, introduction, 
      groupmember, groupNum, headPortrait
      )
    values (#{groupid,jdbcType=INTEGER}, #{ownerid,jdbcType=INTEGER}, #{groupname,jdbcType=VARCHAR}, 
      #{status,jdbcType=INTEGER}, #{announcement,jdbcType=VARCHAR}, #{introduction,jdbcType=VARCHAR}, 
      #{groupmember,jdbcType=VARCHAR}, #{groupnum,jdbcType=INTEGER}, #{headportrait,jdbcType=LONGVARBINARY}
      )
  </insert>
  <insert id="insertSelective" parameterType="com.liguanghong.gdqylatitude.pojo.Groupchat" >
    insert into groupchat
    <trim prefix="(" suffix=")" suffixOverrides="," >
      <if test="groupid != null" >
        groupID,
      </if>
      <if test="ownerid != null" >
        ownerID,
      </if>
      <if test="groupname != null" >
        groupName,
      </if>
      <if test="status != null" >
        status,
      </if>
      <if test="announcement != null" >
        announcement,
      </if>
      <if test="introduction != null" >
        introduction,
      </if>
      <if test="groupmember != null" >
        groupmember,
      </if>
      <if test="groupnum != null" >
        groupNum,
      </if>
      <if test="headportrait != null" >
        headPortrait,
      </if>
    </trim>
    <trim prefix="values (" suffix=")" suffixOverrides="," >
      <if test="groupid != null" >
        #{groupid,jdbcType=INTEGER},
      </if>
      <if test="ownerid != null" >
        #{ownerid,jdbcType=INTEGER},
      </if>
      <if test="groupname != null" >
        #{groupname,jdbcType=VARCHAR},
      </if>
      <if test="status != null" >
        #{status,jdbcType=INTEGER},
      </if>
      <if test="announcement != null" >
        #{announcement,jdbcType=VARCHAR},
      </if>
      <if test="introduction != null" >
        #{introduction,jdbcType=VARCHAR},
      </if>
      <if test="groupmember != null" >
        #{groupmember,jdbcType=VARCHAR},
      </if>
      <if test="groupnum != null" >
        #{groupnum,jdbcType=INTEGER},
      </if>
      <if test="headportrait != null" >
        #{headportrait,jdbcType=LONGVARBINARY},
      </if>
    </trim>
  </insert>
  <select id="countByExample" parameterType="com.liguanghong.gdqylatitude.pojo.GroupchatExample" resultType="java.lang.Integer" >
    select count(*) from groupchat
    <if test="_parameter != null" >
      <include refid="Example_Where_Clause" />
    </if>
  </select>
  <update id="updateByExampleSelective" parameterType="map" >
    update groupchat
    <set >
      <if test="record.groupid != null" >
        groupID = #{record.groupid,jdbcType=INTEGER},
      </if>
      <if test="record.ownerid != null" >
        ownerID = #{record.ownerid,jdbcType=INTEGER},
      </if>
      <if test="record.groupname != null" >
        groupName = #{record.groupname,jdbcType=VARCHAR},
      </if>
      <if test="record.status != null" >
        status = #{record.status,jdbcType=INTEGER},
      </if>
      <if test="record.announcement != null" >
        announcement = #{record.announcement,jdbcType=VARCHAR},
      </if>
      <if test="record.introduction != null" >
        introduction = #{record.introduction,jdbcType=VARCHAR},
      </if>
      <if test="record.groupmember != null" >
        groupmember = #{record.groupmember,jdbcType=VARCHAR},
      </if>
      <if test="record.groupnum != null" >
        groupNum = #{record.groupnum,jdbcType=INTEGER},
      </if>
      <if test="record.headportrait != null" >
        headPortrait = #{record.headportrait,jdbcType=LONGVARBINARY},
      </if>
    </set>
    <if test="_parameter != null" >
      <include refid="Update_By_Example_Where_Clause" />
    </if>
  </update>
  <update id="updateByExampleWithBLOBs" parameterType="map" >
    update groupchat
    set groupID = #{record.groupid,jdbcType=INTEGER},
      ownerID = #{record.ownerid,jdbcType=INTEGER},
      groupName = #{record.groupname,jdbcType=VARCHAR},
      status = #{record.status,jdbcType=INTEGER},
      announcement = #{record.announcement,jdbcType=VARCHAR},
      introduction = #{record.introduction,jdbcType=VARCHAR},
      groupmember = #{record.groupmember,jdbcType=VARCHAR},
      groupNum = #{record.groupnum,jdbcType=INTEGER},
      headPortrait = #{record.headportrait,jdbcType=LONGVARBINARY}
    <if test="_parameter != null" >
      <include refid="Update_By_Example_Where_Clause" />
    </if>
  </update>
  <update id="updateByExample" parameterType="map" >
    update groupchat
    set groupID = #{record.groupid,jdbcType=INTEGER},
      ownerID = #{record.ownerid,jdbcType=INTEGER},
      groupName = #{record.groupname,jdbcType=VARCHAR},
      status = #{record.status,jdbcType=INTEGER},
      announcement = #{record.announcement,jdbcType=VARCHAR},
      introduction = #{record.introduction,jdbcType=VARCHAR},
      groupmember = #{record.groupmember,jdbcType=VARCHAR},
      groupNum = #{record.groupnum,jdbcType=INTEGER}
    <if test="_parameter != null" >
      <include refid="Update_By_Example_Where_Clause" />
    </if>
  </update>
  <update id="updateByPrimaryKeySelective" parameterType="com.liguanghong.gdqylatitude.pojo.Groupchat" >
    update groupchat
    <set >
      <if test="ownerid != null" >
        ownerID = #{ownerid,jdbcType=INTEGER},
      </if>
      <if test="groupname != null" >
        groupName = #{groupname,jdbcType=VARCHAR},
      </if>
      <if test="status != null" >
        status = #{status,jdbcType=INTEGER},
      </if>
      <if test="announcement != null" >
        announcement = #{announcement,jdbcType=VARCHAR},
      </if>
      <if test="introduction != null" >
        introduction = #{introduction,jdbcType=VARCHAR},
      </if>
      <if test="groupmember != null" >
        groupmember = #{groupmember,jdbcType=VARCHAR},
      </if>
      <if test="groupnum != null" >
        groupNum = #{groupnum,jdbcType=INTEGER},
      </if>
      <if test="headportrait != null" >
        headPortrait = #{headportrait,jdbcType=LONGVARBINARY},
      </if>
    </set>
    where groupID = #{groupid,jdbcType=INTEGER}
  </update>
  <update id="updateByPrimaryKeyWithBLOBs" parameterType="com.liguanghong.gdqylatitude.pojo.Groupchat" >
    update groupchat
    set ownerID = #{ownerid,jdbcType=INTEGER},
      groupName = #{groupname,jdbcType=VARCHAR},
      status = #{status,jdbcType=INTEGER},
      announcement = #{announcement,jdbcType=VARCHAR},
      introduction = #{introduction,jdbcType=VARCHAR},
      groupmember = #{groupmember,jdbcType=VARCHAR},
      groupNum = #{groupnum,jdbcType=INTEGER},
      headPortrait = #{headportrait,jdbcType=LONGVARBINARY}
    where groupID = #{groupid,jdbcType=INTEGER}
  </update>
  <update id="updateByPrimaryKey" parameterType="com.liguanghong.gdqylatitude.pojo.Groupchat" >
    update groupchat
    set ownerID = #{ownerid,jdbcType=INTEGER},
      groupName = #{groupname,jdbcType=VARCHAR},
      status = #{status,jdbcType=INTEGER},
      announcement = #{announcement,jdbcType=VARCHAR},
      introduction = #{introduction,jdbcType=VARCHAR},
      groupmember = #{groupmember,jdbcType=VARCHAR},
      groupNum = #{groupnum,jdbcType=INTEGER}
    where groupID = #{groupid,jdbcType=INTEGER}
  </update>
</mapper>