<?xml version="1.0" encoding="UTF-8" ?>
<!DOCTYPE mapper PUBLIC "-//mybatis.org//DTD Mapper 3.0//EN" "http://mybatis.org/dtd/mybatis-3-mapper.dtd" >
<mapper namespace="com.liguanghong.gdqylatitude.mapper.NoticeMsgMapper" >
  <resultMap id="BaseResultMap" type="com.liguanghong.gdqylatitude.pojo.NoticeMsg" >
    <id column="noticeID" property="noticeid" jdbcType="INTEGER" />
    <result column="noticeType" property="noticetype" jdbcType="INTEGER" />
    <result column="senderID" property="senderid" jdbcType="INTEGER" />
    <result column="receiverID" property="receiverid" jdbcType="INTEGER" />
    <result column="status" property="status" jdbcType="INTEGER" />
    <result column="extra" property="extra" jdbcType="VARCHAR" />
  </resultMap>
  <sql id="Example_Where_Clause" >
    <where >
      <foreach collection="oredCriteria" item="criteria" separator="or" >
        <if test="criteria.valid" >
          <trim prefix="(" suffix=")" prefixOverrides="and" >
            <foreach collection="criteria.criteria" item="criterion" >
              <choose >
                <when test="criterion.noValue" >
                  and ${criterion.condition}
                </when>
                <when test="criterion.singleValue" >
                  and ${criterion.condition} #{criterion.value}
                </when>
                <when test="criterion.betweenValue" >
                  and ${criterion.condition} #{criterion.value} and #{criterion.secondValue}
                </when>
                <when test="criterion.listValue" >
                  and ${criterion.condition}
                  <foreach collection="criterion.value" item="listItem" open="(" close=")" separator="," >
                    #{listItem}
                  </foreach>
                </when>
              </choose>
            </foreach>
          </trim>
        </if>
      </foreach>
    </where>
  </sql>
  <sql id="Update_By_Example_Where_Clause" >
    <where >
      <foreach collection="example.oredCriteria" item="criteria" separator="or" >
        <if test="criteria.valid" >
          <trim prefix="(" suffix=")" prefixOverrides="and" >
            <foreach collection="criteria.criteria" item="criterion" >
              <choose >
                <when test="criterion.noValue" >
                  and ${criterion.condition}
                </when>
                <when test="criterion.singleValue" >
                  and ${criterion.condition} #{criterion.value}
                </when>
                <when test="criterion.betweenValue" >
                  and ${criterion.condition} #{criterion.value} and #{criterion.secondValue}
                </when>
                <when test="criterion.listValue" >
                  and ${criterion.condition}
                  <foreach collection="criterion.value" item="listItem" open="(" close=")" separator="," >
                    #{listItem}
                  </foreach>
                </when>
              </choose>
            </foreach>
          </trim>
        </if>
      </foreach>
    </where>
  </sql>
  <sql id="Base_Column_List" >
    noticeID, noticeType, senderID, receiverID, status, extra
  </sql>
  <select id="selectByExample" resultMap="BaseResultMap" parameterType="com.liguanghong.gdqylatitude.pojo.NoticeMsgExample" >
    select
    <if test="distinct" >
      distinct
    </if>
    <include refid="Base_Column_List" />
    from noticemsg
    <if test="_parameter != null" >
      <include refid="Example_Where_Clause" />
    </if>
    <if test="orderByClause != null" >
      order by ${orderByClause}
    </if>
  </select>
  <select id="selectByPrimaryKey" resultMap="BaseResultMap" parameterType="java.lang.Integer" >
    select 
    <include refid="Base_Column_List" />
    from noticemsg
    where noticeID = #{noticeid,jdbcType=INTEGER}
  </select>
  <delete id="deleteByPrimaryKey" parameterType="java.lang.Integer" >
    delete from noticemsg
    where noticeID = #{noticeid,jdbcType=INTEGER}
  </delete>
  <delete id="deleteByExample" parameterType="com.liguanghong.gdqylatitude.pojo.NoticeMsgExample" >
    delete from noticemsg
    <if test="_parameter != null" >
      <include refid="Example_Where_Clause" />
    </if>
  </delete>
  <insert id="insert" parameterType="com.liguanghong.gdqylatitude.pojo.NoticeMsg" >
    insert into noticemsg (noticeID, noticeType, senderID, 
      receiverID, status, extra
      )
    values (#{noticeid,jdbcType=INTEGER}, #{noticetype,jdbcType=INTEGER}, #{senderid,jdbcType=INTEGER}, 
      #{receiverid,jdbcType=INTEGER}, #{status,jdbcType=INTEGER}, #{extra,jdbcType=VARCHAR}
      )
  </insert>
  <insert id="insertSelective" parameterType="com.liguanghong.gdqylatitude.pojo.NoticeMsg" >
    insert into noticemsg
    <trim prefix="(" suffix=")" suffixOverrides="," >
      <if test="noticeid != null" >
        noticeID,
      </if>
      <if test="noticetype != null" >
        noticeType,
      </if>
      <if test="senderid != null" >
        senderID,
      </if>
      <if test="receiverid != null" >
        receiverID,
      </if>
      <if test="status != null" >
        status,
      </if>
      <if test="extra != null" >
        extra,
      </if>
    </trim>
    <trim prefix="values (" suffix=")" suffixOverrides="," >
      <if test="noticeid != null" >
        #{noticeid,jdbcType=INTEGER},
      </if>
      <if test="noticetype != null" >
        #{noticetype,jdbcType=INTEGER},
      </if>
      <if test="senderid != null" >
        #{senderid,jdbcType=INTEGER},
      </if>
      <if test="receiverid != null" >
        #{receiverid,jdbcType=INTEGER},
      </if>
      <if test="status != null" >
        #{status,jdbcType=INTEGER},
      </if>
      <if test="extra != null" >
        #{extra,jdbcType=VARCHAR},
      </if>
    </trim>
  </insert>
  <select id="countByExample" parameterType="com.liguanghong.gdqylatitude.pojo.NoticeMsgExample" resultType="java.lang.Integer" >
    select count(*) from noticemsg
    <if test="_parameter != null" >
      <include refid="Example_Where_Clause" />
    </if>
  </select>
  <update id="updateByExampleSelective" parameterType="map" >
    update noticemsg
    <set >
      <if test="record.noticeid != null" >
        noticeID = #{record.noticeid,jdbcType=INTEGER},
      </if>
      <if test="record.noticetype != null" >
        noticeType = #{record.noticetype,jdbcType=INTEGER},
      </if>
      <if test="record.senderid != null" >
        senderID = #{record.senderid,jdbcType=INTEGER},
      </if>
      <if test="record.receiverid != null" >
        receiverID = #{record.receiverid,jdbcType=INTEGER},
      </if>
      <if test="record.status != null" >
        status = #{record.status,jdbcType=INTEGER},
      </if>
      <if test="record.extra != null" >
        extra = #{record.extra,jdbcType=VARCHAR},
      </if>
    </set>
    <if test="_parameter != null" >
      <include refid="Update_By_Example_Where_Clause" />
    </if>
  </update>
  <update id="updateByExample" parameterType="map" >
    update noticemsg
    set noticeID = #{record.noticeid,jdbcType=INTEGER},
      noticeType = #{record.noticetype,jdbcType=INTEGER},
      senderID = #{record.senderid,jdbcType=INTEGER},
      receiverID = #{record.receiverid,jdbcType=INTEGER},
      status = #{record.status,jdbcType=INTEGER},
      extra = #{record.extra,jdbcType=VARCHAR}
    <if test="_parameter != null" >
      <include refid="Update_By_Example_Where_Clause" />
    </if>
  </update>
  <update id="updateByPrimaryKeySelective" parameterType="com.liguanghong.gdqylatitude.pojo.NoticeMsg" >
    update noticemsg
    <set >
      <if test="noticetype != null" >
        noticeType = #{noticetype,jdbcType=INTEGER},
      </if>
      <if test="senderid != null" >
        senderID = #{senderid,jdbcType=INTEGER},
      </if>
      <if test="receiverid != null" >
        receiverID = #{receiverid,jdbcType=INTEGER},
      </if>
      <if test="status != null" >
        status = #{status,jdbcType=INTEGER},
      </if>
      <if test="extra != null" >
        extra = #{extra,jdbcType=VARCHAR},
      </if>
    </set>
    where noticeID = #{noticeid,jdbcType=INTEGER}
  </update>
  <update id="updateByPrimaryKey" parameterType="com.liguanghong.gdqylatitude.pojo.NoticeMsg" >
    update noticemsg
    set noticeType = #{noticetype,jdbcType=INTEGER},
      senderID = #{senderid,jdbcType=INTEGER},
      receiverID = #{receiverid,jdbcType=INTEGER},
      status = #{status,jdbcType=INTEGER},
      extra = #{extra,jdbcType=VARCHAR}
    where noticeID = #{noticeid,jdbcType=INTEGER}
  </update>
</mapper>