<?xml version="1.0" encoding="UTF-8" ?>
<!DOCTYPE mapper PUBLIC "-//mybatis.org//DTD Mapper 3.0//EN" "http://mybatis.org/dtd/mybatis-3-mapper.dtd" >
<mapper namespace="com.liguanghong.gdqylatitude.mapper.UserMapper" >
  <resultMap id="BaseResultMap" type="com.liguanghong.gdqylatitude.pojo.User" >
    <id column="userID" property="userid" jdbcType="INTEGER" />
    <result column="logName" property="logname" jdbcType="VARCHAR" />
    <result column="password" property="password" jdbcType="VARCHAR" />
    <result column="username" property="username" jdbcType="VARCHAR" />
    <result column="sex" property="sex" jdbcType="VARCHAR" />
    <result column="statu" property="statu" jdbcType="INTEGER" />
    <result column="email" property="email" jdbcType="VARCHAR" />
    <result column="phone" property="phone" jdbcType="VARCHAR" />
    <result column="signature" property="signature" jdbcType="VARCHAR" />
    <result column="province" property="province" jdbcType="VARCHAR" />
    <result column="city" property="city" jdbcType="VARCHAR" />
    <result column="latitude" property="latitude" jdbcType="DOUBLE" />
    <result column="longitude" property="longitude" jdbcType="DOUBLE" />
    <result column="signUpTime" property="signuptime" jdbcType="TIMESTAMP" />
    <result column="signInTIme" property="signintime" jdbcType="TIMESTAMP" />
    <result column="signOutTime" property="signouttime" jdbcType="TIMESTAMP" />
    <result column="headPortrait" property="headportrait" jdbcType="LONGVARBINARY" />
    <result column="friendsID" property="friendsid" jdbcType="LONGVARCHAR" />
    <result column="createGroupID" property="creategroupid" jdbcType="LONGVARCHAR" />
    <result column="joinGroupID" property="joingroupid" jdbcType="LONGVARCHAR" />
  </resultMap>
  <sql id="Example_Where_Clause" >
    <where >
      <foreach collection="oredCriteria" item="criteria" separator="or" >
        <if test="criteria.valid" >
          <trim prefix="(" suffix=")" prefixOverrides="and" >
            <foreach collection="criteria.criteria" item="criterion" >
              <choose >
                <when test="criterion.noValue" >
                  and ${criterion.condition}
                </when>
                <when test="criterion.singleValue" >
                  and ${criterion.condition} #{criterion.value}
                </when>
                <when test="criterion.betweenValue" >
                  and ${criterion.condition} #{criterion.value} and #{criterion.secondValue}
                </when>
                <when test="criterion.listValue" >
                  and ${criterion.condition}
                  <foreach collection="criterion.value" item="listItem" open="(" close=")" separator="," >
                    #{listItem}
                  </foreach>
                </when>
              </choose>
            </foreach>
          </trim>
        </if>
      </foreach>
    </where>
  </sql>
  <sql id="Update_By_Example_Where_Clause" >
    <where >
      <foreach collection="example.oredCriteria" item="criteria" separator="or" >
        <if test="criteria.valid" >
          <trim prefix="(" suffix=")" prefixOverrides="and" >
            <foreach collection="criteria.criteria" item="criterion" >
              <choose >
                <when test="criterion.noValue" >
                  and ${criterion.condition}
                </when>
                <when test="criterion.singleValue" >
                  and ${criterion.condition} #{criterion.value}
                </when>
                <when test="criterion.betweenValue" >
                  and ${criterion.condition} #{criterion.value} and #{criterion.secondValue}
                </when>
                <when test="criterion.listValue" >
                  and ${criterion.condition}
                  <foreach collection="criterion.value" item="listItem" open="(" close=")" separator="," >
                    #{listItem}
                  </foreach>
                </when>
              </choose>
            </foreach>
          </trim>
        </if>
      </foreach>
    </where>
  </sql>
  <sql id="Base_Column_List" >
    userID, logName, statu, signature, province, city, latitude, longitude
  </sql>
  <sql id="Private_Base_Column_List">
  	password, username, sex, email, phone, signUpTime, signInTIme, signOutTime
  </sql>
  <sql id="Blob_Column_List" >
    headPortrait
  </sql>
  <sql id="Private_Blob_Column_List" >
    friendsID, createGroupID, joinGroupID
  </sql>
  <select id="selectAllByExample" resultMap="BaseResultMap" parameterType="com.liguanghong.gdqylatitude.pojo.UserExample" >
    select
    <if test="distinct" >
      distinct
    </if>
    <include refid="Base_Column_List" />
    ,
    <include refid="Blob_Column_List" />
    from user
    <if test="_parameter != null" >
      <include refid="Example_Where_Clause" />
    </if>
    <if test="orderByClause != null" >
      order by ${orderByClause}
    </if>
  </select>
  <select id="selectAllByExamplePrivate" resultMap="BaseResultMap" parameterType="com.liguanghong.gdqylatitude.pojo.UserExample" >
    select
    <if test="distinct" >
      distinct
    </if>
    <include refid="Base_Column_List" />
    ,
    <include refid="Private_Base_Column_List" />
    ,
    <include refid="Blob_Column_List" />
    ,
    <include refid="Private_Blob_Column_List" />
    from user
    <if test="_parameter != null" >
      <include refid="Example_Where_Clause" />
    </if>
    <if test="orderByClause != null" >
      order by ${orderByClause}
    </if>
  </select>
  <select id="selectByExample" resultMap="BaseResultMap" parameterType="com.liguanghong.gdqylatitude.pojo.UserExample" >
    select
    <if test="distinct" >
      distinct
    </if>
    <include refid="Base_Column_List" />
    ,
    <include refid="Blob_Column_List" />
    from user
    <if test="_parameter != null" >
      <include refid="Example_Where_Clause" />
    </if>
    <if test="orderByClause != null" >
      order by ${orderByClause}
    </if>
  </select>
  <select id="selectByExamplePrivate" resultMap="BaseResultMap" parameterType="com.liguanghong.gdqylatitude.pojo.UserExample" >
    select
    <if test="distinct" >
      distinct
    </if>
    <include refid="Base_Column_List" />
    ,
    <include refid="Private_Base_Column_List" />
    ,
    <include refid="Blob_Column_List" />
    ,
    <include refid="Private_Blob_Column_List" />
    from user
    <if test="_parameter != null" >
      <include refid="Example_Where_Clause" />
    </if>
    <if test="orderByClause != null" >
      order by ${orderByClause}
    </if>
  </select>
  <select id="selectByPrimaryKey" resultMap="BaseResultMap" parameterType="java.lang.Integer" >
    select 
    <include refid="Base_Column_List" />
    ,
    <include refid="Blob_Column_List" />
    from user
    where userID = #{userid,jdbcType=INTEGER}
  </select>
  <select id="selectByPrimaryKeyPrivate" resultMap="BaseResultMap" parameterType="java.lang.Integer" >
    select 
    <include refid="Base_Column_List" />
    ,
    <include refid="Private_Base_Column_List" />
    ,
    <include refid="Blob_Column_List" />
    ,
    <include refid="Private_Blob_Column_List" />
    from user
    where userID = #{userid,jdbcType=INTEGER}
  </select>
  <delete id="deleteByPrimaryKey" parameterType="java.lang.Integer" >
    delete from user
    where userID = #{userid,jdbcType=INTEGER}
  </delete>
  <delete id="deleteByExample" parameterType="com.liguanghong.gdqylatitude.pojo.UserExample" >
    delete from user
    <if test="_parameter != null" >
      <include refid="Example_Where_Clause" />
    </if>
  </delete>
  <insert id="insert" parameterType="com.liguanghong.gdqylatitude.pojo.User" >
    insert into user (userID, logName, password, 
      username, sex, statu, 
      email, phone, signature, 
      province, city, latitude, 
      longitude, signUpTime, signInTIme, 
      signOutTime, headPortrait, friendsID, 
      createGroupID, joinGroupID)
    values (#{userid,jdbcType=INTEGER}, #{logname,jdbcType=VARCHAR}, #{password,jdbcType=VARCHAR}, 
      #{username,jdbcType=VARCHAR}, #{sex,jdbcType=VARCHAR}, #{statu,jdbcType=INTEGER}, 
      #{email,jdbcType=VARCHAR}, #{phone,jdbcType=VARCHAR}, #{signature,jdbcType=VARCHAR}, 
      #{province,jdbcType=VARCHAR}, #{city,jdbcType=VARCHAR}, #{latitude,jdbcType=DOUBLE}, 
      #{longitude,jdbcType=DOUBLE}, #{signuptime,jdbcType=TIMESTAMP}, #{signintime,jdbcType=TIMESTAMP}, 
      #{signouttime,jdbcType=TIMESTAMP}, #{headportrait,jdbcType=LONGVARBINARY}, #{friendsid,jdbcType=LONGVARCHAR}, 
      #{creategroupid,jdbcType=LONGVARCHAR}, #{joingroupid,jdbcType=LONGVARCHAR})
  </insert>
  <insert id="insertSelective" parameterType="com.liguanghong.gdqylatitude.pojo.User" >
    insert into user
    <trim prefix="(" suffix=")" suffixOverrides="," >
      <if test="userid != null" >
        userID,
      </if>
      <if test="logname != null" >
        logName,
      </if>
      <if test="password != null" >
        password,
      </if>
      <if test="username != null" >
        username,
      </if>
      <if test="sex != null" >
        sex,
      </if>
      <if test="statu != null" >
        statu,
      </if>
      <if test="email != null" >
        email,
      </if>
      <if test="phone != null" >
        phone,
      </if>
      <if test="signature != null" >
        signature,
      </if>
      <if test="province != null" >
        province,
      </if>
      <if test="city != null" >
        city,
      </if>
      <if test="latitude != null" >
        latitude,
      </if>
      <if test="longitude != null" >
        longitude,
      </if>
      <if test="signuptime != null" >
        signUpTime,
      </if>
      <if test="signintime != null" >
        signInTIme,
      </if>
      <if test="signouttime != null" >
        signOutTime,
      </if>
      <if test="headportrait != null" >
        headPortrait,
      </if>
      <if test="friendsid != null" >
        friendsID,
      </if>
      <if test="creategroupid != null" >
        createGroupID,
      </if>
      <if test="joingroupid != null" >
        joinGroupID,
      </if>
    </trim>
    <trim prefix="values (" suffix=")" suffixOverrides="," >
      <if test="userid != null" >
        #{userid,jdbcType=INTEGER},
      </if>
      <if test="logname != null" >
        #{logname,jdbcType=VARCHAR},
      </if>
      <if test="password != null" >
        #{password,jdbcType=VARCHAR},
      </if>
      <if test="username != null" >
        #{username,jdbcType=VARCHAR},
      </if>
      <if test="sex != null" >
        #{sex,jdbcType=VARCHAR},
      </if>
      <if test="statu != null" >
        #{statu,jdbcType=INTEGER},
      </if>
      <if test="email != null" >
        #{email,jdbcType=VARCHAR},
      </if>
      <if test="phone != null" >
        #{phone,jdbcType=VARCHAR},
      </if>
      <if test="signature != null" >
        #{signature,jdbcType=VARCHAR},
      </if>
      <if test="province != null" >
        #{province,jdbcType=VARCHAR},
      </if>
      <if test="city != null" >
        #{city,jdbcType=VARCHAR},
      </if>
      <if test="latitude != null" >
        #{latitude,jdbcType=DOUBLE},
      </if>
      <if test="longitude != null" >
        #{longitude,jdbcType=DOUBLE},
      </if>
      <if test="signuptime != null" >
        #{signuptime,jdbcType=TIMESTAMP},
      </if>
      <if test="signintime != null" >
        #{signintime,jdbcType=TIMESTAMP},
      </if>
      <if test="signouttime != null" >
        #{signouttime,jdbcType=TIMESTAMP},
      </if>
      <if test="headportrait != null" >
        #{headportrait,jdbcType=LONGVARBINARY},
      </if>
      <if test="friendsid != null" >
        #{friendsid,jdbcType=LONGVARCHAR},
      </if>
      <if test="creategroupid != null" >
        #{creategroupid,jdbcType=LONGVARCHAR},
      </if>
      <if test="joingroupid != null" >
        #{joingroupid,jdbcType=LONGVARCHAR},
      </if>
    </trim>
  </insert>
  <select id="countByExample" parameterType="com.liguanghong.gdqylatitude.pojo.UserExample" resultType="java.lang.Integer" >
    select count(*) from user
    <if test="_parameter != null" >
      <include refid="Example_Where_Clause" />
    </if>
  </select>
  <update id="updateByExampleSelective" parameterType="map" >
    update user
    <set >
      <if test="record.userid != null" >
        userID = #{record.userid,jdbcType=INTEGER},
      </if>
      <if test="record.logname != null" >
        logName = #{record.logname,jdbcType=VARCHAR},
      </if>
      <if test="record.password != null" >
        password = #{record.password,jdbcType=VARCHAR},
      </if>
      <if test="record.username != null" >
        username = #{record.username,jdbcType=VARCHAR},
      </if>
      <if test="record.sex != null" >
        sex = #{record.sex,jdbcType=VARCHAR},
      </if>
      <if test="record.statu != null" >
        statu = #{record.statu,jdbcType=INTEGER},
      </if>
      <if test="record.email != null" >
        email = #{record.email,jdbcType=VARCHAR},
      </if>
      <if test="record.phone != null" >
        phone = #{record.phone,jdbcType=VARCHAR},
      </if>
      <if test="record.signature != null" >
        signature = #{record.signature,jdbcType=VARCHAR},
      </if>
      <if test="record.province != null" >
        province = #{record.province,jdbcType=VARCHAR},
      </if>
      <if test="record.city != null" >
        city = #{record.city,jdbcType=VARCHAR},
      </if>
      <if test="record.latitude != null" >
        latitude = #{record.latitude,jdbcType=DOUBLE},
      </if>
      <if test="record.longitude != null" >
        longitude = #{record.longitude,jdbcType=DOUBLE},
      </if>
      <if test="record.signuptime != null" >
        signUpTime = #{record.signuptime,jdbcType=TIMESTAMP},
      </if>
      <if test="record.signintime != null" >
        signInTIme = #{record.signintime,jdbcType=TIMESTAMP},
      </if>
      <if test="record.signouttime != null" >
        signOutTime = #{record.signouttime,jdbcType=TIMESTAMP},
      </if>
      <if test="record.headportrait != null" >
        headPortrait = #{record.headportrait,jdbcType=LONGVARBINARY},
      </if>
      <if test="record.friendsid != null" >
        friendsID = #{record.friendsid,jdbcType=LONGVARCHAR},
      </if>
      <if test="record.creategroupid != null" >
        createGroupID = #{record.creategroupid,jdbcType=LONGVARCHAR},
      </if>
      <if test="record.joingroupid != null" >
        joinGroupID = #{record.joingroupid,jdbcType=LONGVARCHAR},
      </if>
    </set>
    <if test="_parameter != null" >
      <include refid="Update_By_Example_Where_Clause" />
    </if>
  </update>
  <update id="updateByExample" parameterType="map" >
    update user
    set userID = #{record.userid,jdbcType=INTEGER},
      logName = #{record.logname,jdbcType=VARCHAR},
      password = #{record.password,jdbcType=VARCHAR},
      username = #{record.username,jdbcType=VARCHAR},
      sex = #{record.sex,jdbcType=VARCHAR},
      statu = #{record.statu,jdbcType=INTEGER},
      email = #{record.email,jdbcType=VARCHAR},
      phone = #{record.phone,jdbcType=VARCHAR},
      signature = #{record.signature,jdbcType=VARCHAR},
      province = #{record.province,jdbcType=VARCHAR},
      city = #{record.city,jdbcType=VARCHAR},
      latitude = #{record.latitude,jdbcType=DOUBLE},
      longitude = #{record.longitude,jdbcType=DOUBLE},
      signUpTime = #{record.signuptime,jdbcType=TIMESTAMP},
      signInTIme = #{record.signintime,jdbcType=TIMESTAMP},
      signOutTime = #{record.signouttime,jdbcType=TIMESTAMP},
      headPortrait = #{record.headportrait,jdbcType=LONGVARBINARY},
      friendsID = #{record.friendsid,jdbcType=LONGVARCHAR},
      createGroupID = #{record.creategroupid,jdbcType=LONGVARCHAR},
      joinGroupID = #{record.joingroupid,jdbcType=LONGVARCHAR}
    <if test="_parameter != null" >
      <include refid="Update_By_Example_Where_Clause" />
    </if>
  </update>
  <update id="updateByPrimaryKeySelective" parameterType="com.liguanghong.gdqylatitude.pojo.User" >
    update user
    <set >
      <if test="logname != null" >
        logName = #{logname,jdbcType=VARCHAR},
      </if>
      <if test="password != null" >
        password = #{password,jdbcType=VARCHAR},
      </if>
      <if test="username != null" >
        username = #{username,jdbcType=VARCHAR},
      </if>
      <if test="sex != null" >
        sex = #{sex,jdbcType=VARCHAR},
      </if>
      <if test="statu != null" >
        statu = #{statu,jdbcType=INTEGER},
      </if>
      <if test="email != null" >
        email = #{email,jdbcType=VARCHAR},
      </if>
      <if test="phone != null" >
        phone = #{phone,jdbcType=VARCHAR},
      </if>
      <if test="signature != null" >
        signature = #{signature,jdbcType=VARCHAR},
      </if>
      <if test="province != null" >
        province = #{province,jdbcType=VARCHAR},
      </if>
      <if test="city != null" >
        city = #{city,jdbcType=VARCHAR},
      </if>
      <if test="latitude != null" >
        latitude = #{latitude,jdbcType=DOUBLE},
      </if>
      <if test="longitude != null" >
        longitude = #{longitude,jdbcType=DOUBLE},
      </if>
      <if test="signuptime != null" >
        signUpTime = #{signuptime,jdbcType=TIMESTAMP},
      </if>
      <if test="signintime != null" >
        signInTIme = #{signintime,jdbcType=TIMESTAMP},
      </if>
      <if test="signouttime != null" >
        signOutTime = #{signouttime,jdbcType=TIMESTAMP},
      </if>
      <if test="headportrait != null" >
        headPortrait = #{headportrait,jdbcType=LONGVARBINARY},
      </if>
      <if test="friendsid != null" >
        friendsID = #{friendsid,jdbcType=LONGVARCHAR},
      </if>
      <if test="creategroupid != null" >
        createGroupID = #{creategroupid,jdbcType=LONGVARCHAR},
      </if>
      <if test="joingroupid != null" >
        joinGroupID = #{joingroupid,jdbcType=LONGVARCHAR},
      </if>
    </set>
    where userID = #{userid,jdbcType=INTEGER}
  </update>
  <update id="updateByPrimaryKey" parameterType="com.liguanghong.gdqylatitude.pojo.User" >
    update user
    set logName = #{logname,jdbcType=VARCHAR},
      password = #{password,jdbcType=VARCHAR},
      username = #{username,jdbcType=VARCHAR},
      sex = #{sex,jdbcType=VARCHAR},
      statu = #{statu,jdbcType=INTEGER},
      email = #{email,jdbcType=VARCHAR},
      phone = #{phone,jdbcType=VARCHAR},
      signature = #{signature,jdbcType=VARCHAR},
      province = #{province,jdbcType=VARCHAR},
      city = #{city,jdbcType=VARCHAR},
      latitude = #{latitude,jdbcType=DOUBLE},
      longitude = #{longitude,jdbcType=DOUBLE},
      signUpTime = #{signuptime,jdbcType=TIMESTAMP},
      signInTIme = #{signintime,jdbcType=TIMESTAMP},
      signOutTime = #{signouttime,jdbcType=TIMESTAMP},
      headPortrait = #{headportrait,jdbcType=LONGVARBINARY},
      friendsID = #{friendsid,jdbcType=LONGVARCHAR},
      createGroupID = #{creategroupid,jdbcType=LONGVARCHAR},
      joinGroupID = #{joingroupid,jdbcType=LONGVARCHAR}
    where userID = #{userid,jdbcType=INTEGER}
  </update>
</mapper>