<?xml version="1.0" encoding="UTF-8" ?>
<!DOCTYPE mapper PUBLIC "-//mybatis.org//DTD Mapper 3.0//EN" "http://mybatis.org/dtd/mybatis-3-mapper.dtd" >
<mapper namespace="cn.gdqy.aotw.mapper.ApkMapper" >
  <resultMap id="BaseResultMap" type="cn.gdqy.aotw.pojo.Apk" >
    <id column="id" property="id" jdbcType="INTEGER" />
    <result column="fileUrl" property="fileurl" jdbcType="VARCHAR" />
    <result column="version" property="version" jdbcType="VARCHAR" />
    <result column="description" property="description" jdbcType="VARCHAR" />
    <result column="releaseTime" property="releasetime" jdbcType="TIMESTAMP" />
  </resultMap>
  <sql id="Example_Where_Clause" >
    <where >
      <foreach collection="oredCriteria" item="criteria" separator="or" >
        <if test="criteria.valid" >
          <trim prefix="(" suffix=")" prefixOverrides="and" >
            <foreach collection="criteria.criteria" item="criterion" >
              <choose >
                <when test="criterion.noValue" >
                  and ${criterion.condition}
                </when>
                <when test="criterion.singleValue" >
                  and ${criterion.condition} #{criterion.value}
                </when>
                <when test="criterion.betweenValue" >
                  and ${criterion.condition} #{criterion.value} and #{criterion.secondValue}
                </when>
                <when test="criterion.listValue" >
                  and ${criterion.condition}
                  <foreach collection="criterion.value" item="listItem" open="(" close=")" separator="," >
                    #{listItem}
                  </foreach>
                </when>
              </choose>
            </foreach>
          </trim>
        </if>
      </foreach>
    </where>
  </sql>
  <sql id="Update_By_Example_Where_Clause" >
    <where >
      <foreach collection="example.oredCriteria" item="criteria" separator="or" >
        <if test="criteria.valid" >
          <trim prefix="(" suffix=")" prefixOverrides="and" >
            <foreach collection="criteria.criteria" item="criterion" >
              <choose >
                <when test="criterion.noValue" >
                  and ${criterion.condition}
                </when>
                <when test="criterion.singleValue" >
                  and ${criterion.condition} #{criterion.value}
                </when>
                <when test="criterion.betweenValue" >
                  and ${criterion.condition} #{criterion.value} and #{criterion.secondValue}
                </when>
                <when test="criterion.listValue" >
                  and ${criterion.condition}
                  <foreach collection="criterion.value" item="listItem" open="(" close=")" separator="," >
                    #{listItem}
                  </foreach>
                </when>
              </choose>
            </foreach>
          </trim>
        </if>
      </foreach>
    </where>
  </sql>
  <sql id="Base_Column_List" >
    id, fileUrl, version, description, releaseTime
  </sql>
  <select id="selectByExample" resultMap="BaseResultMap" parameterType="cn.gdqy.aotw.pojo.ApkExample" >
    select
    <if test="distinct" >
      distinct
    </if>
    <include refid="Base_Column_List" />
    from apk
    <if test="_parameter != null" >
      <include refid="Example_Where_Clause" />
    </if>
    <if test="orderByClause != null" >
      order by ${orderByClause}
    </if>
  </select>
  <select id="selectByPrimaryKey" resultMap="BaseResultMap" parameterType="java.lang.Integer" >
    select 
    <include refid="Base_Column_List" />
    from apk
    where id = #{id,jdbcType=INTEGER}
  </select>
  <delete id="deleteByPrimaryKey" parameterType="java.lang.Integer" >
    delete from apk
    where id = #{id,jdbcType=INTEGER}
  </delete>
  <delete id="deleteByExample" parameterType="cn.gdqy.aotw.pojo.ApkExample" >
    delete from apk
    <if test="_parameter != null" >
      <include refid="Example_Where_Clause" />
    </if>
  </delete>
  <insert id="insert" parameterType="cn.gdqy.aotw.pojo.Apk" >
    insert into apk (id, fileUrl, version, 
      description, releaseTime)
    values (#{id,jdbcType=INTEGER}, #{fileurl,jdbcType=VARCHAR}, #{version,jdbcType=VARCHAR}, 
      #{description,jdbcType=VARCHAR}, #{releasetime,jdbcType=TIMESTAMP})
  </insert>
  <insert id="insertSelective" parameterType="cn.gdqy.aotw.pojo.Apk" >
    insert into apk
    <trim prefix="(" suffix=")" suffixOverrides="," >
      <if test="id != null" >
        id,
      </if>
      <if test="fileurl != null" >
        fileUrl,
      </if>
      <if test="version != null" >
        version,
      </if>
      <if test="description != null" >
        description,
      </if>
      <if test="releasetime != null" >
        releaseTime,
      </if>
    </trim>
    <trim prefix="values (" suffix=")" suffixOverrides="," >
      <if test="id != null" >
        #{id,jdbcType=INTEGER},
      </if>
      <if test="fileurl != null" >
        #{fileurl,jdbcType=VARCHAR},
      </if>
      <if test="version != null" >
        #{version,jdbcType=VARCHAR},
      </if>
      <if test="description != null" >
        #{description,jdbcType=VARCHAR},
      </if>
      <if test="releasetime != null" >
        #{releasetime,jdbcType=TIMESTAMP},
      </if>
    </trim>
  </insert>
  <select id="countByExample" parameterType="cn.gdqy.aotw.pojo.ApkExample" resultType="java.lang.Integer" >
    select count(*) from apk
    <if test="_parameter != null" >
      <include refid="Example_Where_Clause" />
    </if>
  </select>
  <update id="updateByExampleSelective" parameterType="map" >
    update apk
    <set >
      <if test="record.id != null" >
        id = #{record.id,jdbcType=INTEGER},
      </if>
      <if test="record.fileurl != null" >
        fileUrl = #{record.fileurl,jdbcType=VARCHAR},
      </if>
      <if test="record.version != null" >
        version = #{record.version,jdbcType=VARCHAR},
      </if>
      <if test="record.description != null" >
        description = #{record.description,jdbcType=VARCHAR},
      </if>
      <if test="record.releasetime != null" >
        releaseTime = #{record.releasetime,jdbcType=TIMESTAMP},
      </if>
    </set>
    <if test="_parameter != null" >
      <include refid="Update_By_Example_Where_Clause" />
    </if>
  </update>
  <update id="updateByExample" parameterType="map" >
    update apk
    set id = #{record.id,jdbcType=INTEGER},
      fileUrl = #{record.fileurl,jdbcType=VARCHAR},
      version = #{record.version,jdbcType=VARCHAR},
      description = #{record.description,jdbcType=VARCHAR},
      releaseTime = #{record.releasetime,jdbcType=TIMESTAMP}
    <if test="_parameter != null" >
      <include refid="Update_By_Example_Where_Clause" />
    </if>
  </update>
  <update id="updateByPrimaryKeySelective" parameterType="cn.gdqy.aotw.pojo.Apk" >
    update apk
    <set >
      <if test="fileurl != null" >
        fileUrl = #{fileurl,jdbcType=VARCHAR},
      </if>
      <if test="version != null" >
        version = #{version,jdbcType=VARCHAR},
      </if>
      <if test="description != null" >
        description = #{description,jdbcType=VARCHAR},
      </if>
      <if test="releasetime != null" >
        releaseTime = #{releasetime,jdbcType=TIMESTAMP},
      </if>
    </set>
    where id = #{id,jdbcType=INTEGER}
  </update>
  <update id="updateByPrimaryKey" parameterType="cn.gdqy.aotw.pojo.Apk" >
    update apk
    set fileUrl = #{fileurl,jdbcType=VARCHAR},
      version = #{version,jdbcType=VARCHAR},
      description = #{description,jdbcType=VARCHAR},
      releaseTime = #{releasetime,jdbcType=TIMESTAMP}
    where id = #{id,jdbcType=INTEGER}
  </update>
</mapper>