<?xml version="1.0" encoding="UTF-8" ?>
<!DOCTYPE mapper PUBLIC "-//mybatis.org//DTD Mapper 3.0//EN" "http://mybatis.org/dtd/mybatis-3-mapper.dtd" >
<mapper namespace="cn.gdqy.aotw.mapper.GroupMapper" >
  <resultMap id="BaseResultMap" type="cn.gdqy.aotw.pojo.Group" >
    <id column="id" property="id" jdbcType="INTEGER" />
    <result column="userName" property="username" jdbcType="VARCHAR" />
    <result column="name" property="name" jdbcType="VARCHAR" />
    <result column="scale" property="scale" jdbcType="INTEGER" />
    <result column="sort" property="sort" jdbcType="VARCHAR" />
    <result column="description" property="description" jdbcType="VARCHAR" />
    <result column="address" property="address" jdbcType="VARCHAR" />
    <result column="status" property="status" jdbcType="TINYINT" />
    <result column="image" property="image" jdbcType="VARCHAR" />
    <result column="createTime" property="createtime" jdbcType="TIMESTAMP" />
  </resultMap>
  <sql id="Example_Where_Clause" >
    <where >
      <foreach collection="oredCriteria" item="criteria" separator="or" >
        <if test="criteria.valid" >
          <trim prefix="(" suffix=")" prefixOverrides="and" >
            <foreach collection="criteria.criteria" item="criterion" >
              <choose >
                <when test="criterion.noValue" >
                  and ${criterion.condition}
                </when>
                <when test="criterion.singleValue" >
                  and ${criterion.condition} #{criterion.value}
                </when>
                <when test="criterion.betweenValue" >
                  and ${criterion.condition} #{criterion.value} and #{criterion.secondValue}
                </when>
                <when test="criterion.listValue" >
                  and ${criterion.condition}
                  <foreach collection="criterion.value" item="listItem" open="(" close=")" separator="," >
                    #{listItem}
                  </foreach>
                </when>
              </choose>
            </foreach>
          </trim>
        </if>
      </foreach>
    </where>
  </sql>
  <sql id="Update_By_Example_Where_Clause" >
    <where >
      <foreach collection="example.oredCriteria" item="criteria" separator="or" >
        <if test="criteria.valid" >
          <trim prefix="(" suffix=")" prefixOverrides="and" >
            <foreach collection="criteria.criteria" item="criterion" >
              <choose >
                <when test="criterion.noValue" >
                  and ${criterion.condition}
                </when>
                <when test="criterion.singleValue" >
                  and ${criterion.condition} #{criterion.value}
                </when>
                <when test="criterion.betweenValue" >
                  and ${criterion.condition} #{criterion.value} and #{criterion.secondValue}
                </when>
                <when test="criterion.listValue" >
                  and ${criterion.condition}
                  <foreach collection="criterion.value" item="listItem" open="(" close=")" separator="," >
                    #{listItem}
                  </foreach>
                </when>
              </choose>
            </foreach>
          </trim>
        </if>
      </foreach>
    </where>
  </sql>
  <sql id="Base_Column_List" >
    id, userName, name, scale, sort, description, address, status, image, createTime
  </sql>
  <select id="selectByExample" resultMap="BaseResultMap" parameterType="cn.gdqy.aotw.pojo.GroupExample" >
    select
    <if test="distinct" >
      distinct
    </if>
    <include refid="Base_Column_List" />
    from `group`
    <if test="_parameter != null" >
      <include refid="Example_Where_Clause" />
    </if>
    <if test="orderByClause != null" >
      order by ${orderByClause}
    </if>
  </select>
  <select id="selectByPrimaryKey" resultMap="BaseResultMap" parameterType="java.lang.Integer" >
    select 
    <include refid="Base_Column_List" />
    from `group`
    where id = #{id,jdbcType=INTEGER}
  </select>
  <delete id="deleteByPrimaryKey" parameterType="java.lang.Integer" >
    delete from `group`
    where id = #{id,jdbcType=INTEGER}
  </delete>
  <delete id="deleteByExample" parameterType="cn.gdqy.aotw.pojo.GroupExample" >
    delete from `group`
    <if test="_parameter != null" >
      <include refid="Example_Where_Clause" />
    </if>
  </delete>
  <insert id="insert" parameterType="cn.gdqy.aotw.pojo.Group" >
    INSERT INTO `group` (
		`userName`,
		`name`,
		`scale`,
		`sort`,
		`description`,
		`address`,
		`status`,
		`image`,
		`createTime`
	) 
    values (#{username,jdbcType=VARCHAR}, #{name,jdbcType=VARCHAR}, 
      #{scale,jdbcType=INTEGER}, #{sort,jdbcType=VARCHAR}, #{description,jdbcType=VARCHAR}, 
      #{address,jdbcType=VARCHAR}, #{status,jdbcType=TINYINT}, #{image,jdbcType=VARCHAR}, 
      #{createtime,jdbcType=TIMESTAMP})
  </insert>
  <insert id="insertSelective" parameterType="cn.gdqy.aotw.pojo.Group" >
    insert into `group`
    <trim prefix="(" suffix=")" suffixOverrides="," >
      <if test="id != null" >
        id,
      </if>
      <if test="username != null" >
        userName,
      </if>
      <if test="name != null" >
        name,
      </if>
      <if test="scale != null" >
        scale,
      </if>
      <if test="sort != null" >
        sort,
      </if>
      <if test="description != null" >
        description,
      </if>
      <if test="address != null" >
        address,
      </if>
      <if test="status != null" >
        status,
      </if>
      <if test="image != null" >
        image,
      </if>
      <if test="createtime != null" >
        createTime,
      </if>
    </trim>
    <trim prefix="values (" suffix=")" suffixOverrides="," >
      <if test="id != null" >
        #{id,jdbcType=INTEGER},
      </if>
      <if test="username != null" >
        #{username,jdbcType=VARCHAR},
      </if>
      <if test="name != null" >
        #{name,jdbcType=VARCHAR},
      </if>
      <if test="scale != null" >
        #{scale,jdbcType=INTEGER},
      </if>
      <if test="sort != null" >
        #{sort,jdbcType=VARCHAR},
      </if>
      <if test="description != null" >
        #{description,jdbcType=VARCHAR},
      </if>
      <if test="address != null" >
        #{address,jdbcType=VARCHAR},
      </if>
      <if test="status != null" >
        #{status,jdbcType=TINYINT},
      </if>
      <if test="image != null" >
        #{image,jdbcType=VARCHAR},
      </if>
      <if test="createtime != null" >
        #{createtime,jdbcType=TIMESTAMP},
      </if>
    </trim>
  </insert>
  <select id="countByExample" parameterType="cn.gdqy.aotw.pojo.GroupExample" resultType="java.lang.Integer" >
    select count(*) from `group`
    <if test="_parameter != null" >
      <include refid="Example_Where_Clause" />
    </if>
  </select>
  <update id="updateByExampleSelective" parameterType="map" >
    update `group`
    <set >
      <if test="record.id != null" >
        id = #{record.id,jdbcType=INTEGER},
      </if>
      <if test="record.username != null" >
        userName = #{record.username,jdbcType=VARCHAR},
      </if>
      <if test="record.name != null" >
        name = #{record.name,jdbcType=VARCHAR},
      </if>
      <if test="record.scale != null" >
        scale = #{record.scale,jdbcType=INTEGER},
      </if>
      <if test="record.sort != null" >
        sort = #{record.sort,jdbcType=VARCHAR},
      </if>
      <if test="record.description != null" >
        description = #{record.description,jdbcType=VARCHAR},
      </if>
      <if test="record.address != null" >
        address = #{record.address,jdbcType=VARCHAR},
      </if>
      <if test="record.status != null" >
        status = #{record.status,jdbcType=TINYINT},
      </if>
      <if test="record.image != null" >
        image = #{record.image,jdbcType=VARCHAR},
      </if>
      <if test="record.createtime != null" >
        createTime = #{record.createtime,jdbcType=TIMESTAMP},
      </if>
    </set>
    <if test="_parameter != null" >
      <include refid="Update_By_Example_Where_Clause" />
    </if>
  </update>
  <update id="updateByExample" parameterType="map" >
    update `group`
    set id = #{record.id,jdbcType=INTEGER},
      userName = #{record.username,jdbcType=VARCHAR},
      name = #{record.name,jdbcType=VARCHAR},
      scale = #{record.scale,jdbcType=INTEGER},
      sort = #{record.sort,jdbcType=VARCHAR},
      description = #{record.description,jdbcType=VARCHAR},
      address = #{record.address,jdbcType=VARCHAR},
      status = #{record.status,jdbcType=TINYINT},
      image = #{record.image,jdbcType=VARCHAR},
      createTime = #{record.createtime,jdbcType=TIMESTAMP}
    <if test="_parameter != null" >
      <include refid="Update_By_Example_Where_Clause" />
    </if>
  </update>
  <update id="updateByPrimaryKeySelective" parameterType="cn.gdqy.aotw.pojo.Group" >
    update `group`
    <set >
      <if test="username != null" >
        userName = #{username,jdbcType=VARCHAR},
      </if>
      <if test="name != null" >
        name = #{name,jdbcType=VARCHAR},
      </if>
      <if test="scale != null" >
        scale = #{scale,jdbcType=INTEGER},
      </if>
      <if test="sort != null" >
        sort = #{sort,jdbcType=VARCHAR},
      </if>
      <if test="description != null" >
        description = #{description,jdbcType=VARCHAR},
      </if>
      <if test="address != null" >
        address = #{address,jdbcType=VARCHAR},
      </if>
      <if test="status != null" >
        status = #{status,jdbcType=TINYINT},
      </if>
      <if test="image != null" >
        image = #{image,jdbcType=VARCHAR},
      </if>
      <if test="createtime != null" >
        createTime = #{createtime,jdbcType=TIMESTAMP},
      </if>
    </set>
    where id = #{id,jdbcType=INTEGER}
  </update>
  <update id="updateByPrimaryKey" parameterType="cn.gdqy.aotw.pojo.Group" >
    update `group`
    set userName = #{username,jdbcType=VARCHAR},
      name = #{name,jdbcType=VARCHAR},
      scale = #{scale,jdbcType=INTEGER},
      sort = #{sort,jdbcType=VARCHAR},
      description = #{description,jdbcType=VARCHAR},
      address = #{address,jdbcType=VARCHAR},
      status = #{status,jdbcType=TINYINT},
      image = #{image,jdbcType=VARCHAR},
      createTime = #{createtime,jdbcType=TIMESTAMP}
    where id = #{id,jdbcType=INTEGER}
  </update>
</mapper>