<?xml version="1.0" encoding="UTF-8" ?>
<!DOCTYPE mapper PUBLIC "-//mybatis.org//DTD Mapper 3.0//EN" "http://mybatis.org/dtd/mybatis-3-mapper.dtd" >
<mapper namespace="cn.gdqy.aotw.mapper.GroupmemberMapper" >
  <resultMap id="BaseResultMap" type="cn.gdqy.aotw.pojo.GroupmemberKey" >
    <id column="userName" property="username" jdbcType="VARCHAR" />
    <id column="groupId" property="groupid" jdbcType="INTEGER" />
  </resultMap>
  <sql id="Example_Where_Clause" >
    <where >
      <foreach collection="oredCriteria" item="criteria" separator="or" >
        <if test="criteria.valid" >
          <trim prefix="(" suffix=")" prefixOverrides="and" >
            <foreach collection="criteria.criteria" item="criterion" >
              <choose >
                <when test="criterion.noValue" >
                  and ${criterion.condition}
                </when>
                <when test="criterion.singleValue" >
                  and ${criterion.condition} #{criterion.value}
                </when>
                <when test="criterion.betweenValue" >
                  and ${criterion.condition} #{criterion.value} and #{criterion.secondValue}
                </when>
                <when test="criterion.listValue" >
                  and ${criterion.condition}
                  <foreach collection="criterion.value" item="listItem" open="(" close=")" separator="," >
                    #{listItem}
                  </foreach>
                </when>
              </choose>
            </foreach>
          </trim>
        </if>
      </foreach>
    </where>
  </sql>
  <sql id="Update_By_Example_Where_Clause" >
    <where >
      <foreach collection="example.oredCriteria" item="criteria" separator="or" >
        <if test="criteria.valid" >
          <trim prefix="(" suffix=")" prefixOverrides="and" >
            <foreach collection="criteria.criteria" item="criterion" >
              <choose >
                <when test="criterion.noValue" >
                  and ${criterion.condition}
                </when>
                <when test="criterion.singleValue" >
                  and ${criterion.condition} #{criterion.value}
                </when>
                <when test="criterion.betweenValue" >
                  and ${criterion.condition} #{criterion.value} and #{criterion.secondValue}
                </when>
                <when test="criterion.listValue" >
                  and ${criterion.condition}
                  <foreach collection="criterion.value" item="listItem" open="(" close=")" separator="," >
                    #{listItem}
                  </foreach>
                </when>
              </choose>
            </foreach>
          </trim>
        </if>
      </foreach>
    </where>
  </sql>
  <sql id="Base_Column_List" >
    userName, groupId
  </sql>
  <select id="selectByExample" resultMap="BaseResultMap" parameterType="cn.gdqy.aotw.pojo.GroupmemberExample" >
    select
    <if test="distinct" >
      distinct
    </if>
    <include refid="Base_Column_List" />
    from groupmember
    <if test="_parameter != null" >
      <include refid="Example_Where_Clause" />
    </if>
    <if test="orderByClause != null" >
      order by ${orderByClause}
    </if>
  </select>
  <delete id="deleteByPrimaryKey" parameterType="cn.gdqy.aotw.pojo.GroupmemberKey" >
    delete from groupmember
    where userName = #{username,jdbcType=VARCHAR}
      and groupId = #{groupid,jdbcType=INTEGER}
  </delete>
  <delete id="deleteByExample" parameterType="cn.gdqy.aotw.pojo.GroupmemberExample" >
    delete from groupmember
    <if test="_parameter != null" >
      <include refid="Example_Where_Clause" />
    </if>
  </delete>
  <insert id="insert" parameterType="cn.gdqy.aotw.pojo.GroupmemberKey" >
    insert into groupmember (userName, groupId)
    values (#{username,jdbcType=VARCHAR}, #{groupid,jdbcType=INTEGER})
  </insert>
  <insert id="insertSelective" parameterType="cn.gdqy.aotw.pojo.GroupmemberKey" >
    insert into groupmember
    <trim prefix="(" suffix=")" suffixOverrides="," >
      <if test="username != null" >
        userName,
      </if>
      <if test="groupid != null" >
        groupId,
      </if>
    </trim>
    <trim prefix="values (" suffix=")" suffixOverrides="," >
      <if test="username != null" >
        #{username,jdbcType=VARCHAR},
      </if>
      <if test="groupid != null" >
        #{groupid,jdbcType=INTEGER},
      </if>
    </trim>
  </insert>
  <select id="countByExample" parameterType="cn.gdqy.aotw.pojo.GroupmemberExample" resultType="java.lang.Integer" >
    select count(*) from groupmember
    <if test="_parameter != null" >
      <include refid="Example_Where_Clause" />
    </if>
  </select>
  <update id="updateByExampleSelective" parameterType="map" >
    update groupmember
    <set >
      <if test="record.username != null" >
        userName = #{record.username,jdbcType=VARCHAR},
      </if>
      <if test="record.groupid != null" >
        groupId = #{record.groupid,jdbcType=INTEGER},
      </if>
    </set>
    <if test="_parameter != null" >
      <include refid="Update_By_Example_Where_Clause" />
    </if>
  </update>
  <update id="updateByExample" parameterType="map" >
    update groupmember
    set userName = #{record.username,jdbcType=VARCHAR},
      groupId = #{record.groupid,jdbcType=INTEGER}
    <if test="_parameter != null" >
      <include refid="Update_By_Example_Where_Clause" />
    </if>
  </update>
</mapper>