<?xml version="1.0" encoding="UTF-8" ?>
<!DOCTYPE mapper PUBLIC "-//mybatis.org//DTD Mapper 3.0//EN" "http://mybatis.org/dtd/mybatis-3-mapper.dtd" >
<mapper namespace="cn.gdqy.aotw.mapper.UserMapper" >
  <resultMap id="BaseResultMap" type="cn.gdqy.aotw.pojo.User" >
    <id column="userName" property="username" jdbcType="VARCHAR" />
    <result column="password" property="password" jdbcType="VARCHAR" />
    <result column="nickName" property="nickname" jdbcType="VARCHAR" />
    <result column="realName" property="realname" jdbcType="VARCHAR" />
    <result column="email" property="email" jdbcType="VARCHAR" />
    <result column="phone" property="phone" jdbcType="VARCHAR" />
    <result column="address" property="address" jdbcType="VARCHAR" />
    <result column="status" property="status" jdbcType="TINYINT" />
    <result column="isAdmin" property="isadmin" jdbcType="TINYINT" />
    <result column="location" property="location" jdbcType="VARCHAR" />
    <result column="image" property="image" jdbcType="VARCHAR" />
    <result column="registerTime" property="registertime" jdbcType="TIMESTAMP" />
  </resultMap>
  <sql id="Example_Where_Clause" >
    <where >
      <foreach collection="oredCriteria" item="criteria" separator="or" >
        <if test="criteria.valid" >
          <trim prefix="(" suffix=")" prefixOverrides="and" >
            <foreach collection="criteria.criteria" item="criterion" >
              <choose >
                <when test="criterion.noValue" >
                  and ${criterion.condition}
                </when>
                <when test="criterion.singleValue" >
                  and ${criterion.condition} #{criterion.value}
                </when>
                <when test="criterion.betweenValue" >
                  and ${criterion.condition} #{criterion.value} and #{criterion.secondValue}
                </when>
                <when test="criterion.listValue" >
                  and ${criterion.condition}
                  <foreach collection="criterion.value" item="listItem" open="(" close=")" separator="," >
                    #{listItem}
                  </foreach>
                </when>
              </choose>
            </foreach>
          </trim>
        </if>
      </foreach>
    </where>
  </sql>
  <sql id="Update_By_Example_Where_Clause" >
    <where >
      <foreach collection="example.oredCriteria" item="criteria" separator="or" >
        <if test="criteria.valid" >
          <trim prefix="(" suffix=")" prefixOverrides="and" >
            <foreach collection="criteria.criteria" item="criterion" >
              <choose >
                <when test="criterion.noValue" >
                  and ${criterion.condition}
                </when>
                <when test="criterion.singleValue" >
                  and ${criterion.condition} #{criterion.value}
                </when>
                <when test="criterion.betweenValue" >
                  and ${criterion.condition} #{criterion.value} and #{criterion.secondValue}
                </when>
                <when test="criterion.listValue" >
                  and ${criterion.condition}
                  <foreach collection="criterion.value" item="listItem" open="(" close=")" separator="," >
                    #{listItem}
                  </foreach>
                </when>
              </choose>
            </foreach>
          </trim>
        </if>
      </foreach>
    </where>
  </sql>
  <sql id="Base_Column_List" >
    userName, password, nickName, realName, email, phone, address, status, isAdmin, location, 
    image, registerTime
  </sql>
  <select id="selectByExample" resultMap="BaseResultMap" parameterType="cn.gdqy.aotw.pojo.UserExample" >
    select
    <if test="distinct" >
      distinct
    </if>
    <include refid="Base_Column_List" />
    from user
    <if test="_parameter != null" >
      <include refid="Example_Where_Clause" />
    </if>
    <if test="orderByClause != null" >
      order by ${orderByClause}
    </if>
  </select>
  <select id="selectByPrimaryKey" resultMap="BaseResultMap" parameterType="java.lang.String" >
    select 
    <include refid="Base_Column_List" />
    from user
    where userName = #{username,jdbcType=VARCHAR}
  </select>
  <delete id="deleteByPrimaryKey" parameterType="java.lang.String" >
    delete from user
    where userName = #{username,jdbcType=VARCHAR}
  </delete>
  <delete id="deleteByExample" parameterType="cn.gdqy.aotw.pojo.UserExample" >
    delete from user
    <if test="_parameter != null" >
      <include refid="Example_Where_Clause" />
    </if>
  </delete>
  <insert id="insert" parameterType="cn.gdqy.aotw.pojo.User" >
    insert into user (userName, password, nickName, 
      realName, email, phone, 
      address, status, isAdmin, 
      location, image, registerTime
      )
    values (#{username,jdbcType=VARCHAR}, #{password,jdbcType=VARCHAR}, #{nickname,jdbcType=VARCHAR}, 
      #{realname,jdbcType=VARCHAR}, #{email,jdbcType=VARCHAR}, #{phone,jdbcType=VARCHAR}, 
      #{address,jdbcType=VARCHAR}, #{status,jdbcType=TINYINT}, #{isadmin,jdbcType=TINYINT}, 
      #{location,jdbcType=VARCHAR}, #{image,jdbcType=VARCHAR}, #{registertime,jdbcType=TIMESTAMP}
      )
  </insert>
  <insert id="insertSelective" parameterType="cn.gdqy.aotw.pojo.User" >
    insert into user
    <trim prefix="(" suffix=")" suffixOverrides="," >
      <if test="username != null" >
        userName,
      </if>
      <if test="password != null" >
        password,
      </if>
      <if test="nickname != null" >
        nickName,
      </if>
      <if test="realname != null" >
        realName,
      </if>
      <if test="email != null" >
        email,
      </if>
      <if test="phone != null" >
        phone,
      </if>
      <if test="address != null" >
        address,
      </if>
      <if test="status != null" >
        status,
      </if>
      <if test="isadmin != null" >
        isAdmin,
      </if>
      <if test="location != null" >
        location,
      </if>
      <if test="image != null" >
        image,
      </if>
      <if test="registertime != null" >
        registerTime,
      </if>
    </trim>
    <trim prefix="values (" suffix=")" suffixOverrides="," >
      <if test="username != null" >
        #{username,jdbcType=VARCHAR},
      </if>
      <if test="password != null" >
        #{password,jdbcType=VARCHAR},
      </if>
      <if test="nickname != null" >
        #{nickname,jdbcType=VARCHAR},
      </if>
      <if test="realname != null" >
        #{realname,jdbcType=VARCHAR},
      </if>
      <if test="email != null" >
        #{email,jdbcType=VARCHAR},
      </if>
      <if test="phone != null" >
        #{phone,jdbcType=VARCHAR},
      </if>
      <if test="address != null" >
        #{address,jdbcType=VARCHAR},
      </if>
      <if test="status != null" >
        #{status,jdbcType=TINYINT},
      </if>
      <if test="isadmin != null" >
        #{isadmin,jdbcType=TINYINT},
      </if>
      <if test="location != null" >
        #{location,jdbcType=VARCHAR},
      </if>
      <if test="image != null" >
        #{image,jdbcType=VARCHAR},
      </if>
      <if test="registertime != null" >
        #{registertime,jdbcType=TIMESTAMP},
      </if>
    </trim>
  </insert>
  <select id="countByExample" parameterType="cn.gdqy.aotw.pojo.UserExample" resultType="java.lang.Integer" >
    select count(*) from user
    <if test="_parameter != null" >
      <include refid="Example_Where_Clause" />
    </if>
  </select>
  <update id="updateByExampleSelective" parameterType="map" >
    update user
    <set >
      <if test="record.username != null" >
        userName = #{record.username,jdbcType=VARCHAR},
      </if>
      <if test="record.password != null" >
        password = #{record.password,jdbcType=VARCHAR},
      </if>
      <if test="record.nickname != null" >
        nickName = #{record.nickname,jdbcType=VARCHAR},
      </if>
      <if test="record.realname != null" >
        realName = #{record.realname,jdbcType=VARCHAR},
      </if>
      <if test="record.email != null" >
        email = #{record.email,jdbcType=VARCHAR},
      </if>
      <if test="record.phone != null" >
        phone = #{record.phone,jdbcType=VARCHAR},
      </if>
      <if test="record.address != null" >
        address = #{record.address,jdbcType=VARCHAR},
      </if>
      <if test="record.status != null" >
        status = #{record.status,jdbcType=TINYINT},
      </if>
      <if test="record.isadmin != null" >
        isAdmin = #{record.isadmin,jdbcType=TINYINT},
      </if>
      <if test="record.location != null" >
        location = #{record.location,jdbcType=VARCHAR},
      </if>
      <if test="record.image != null" >
        image = #{record.image,jdbcType=VARCHAR},
      </if>
      <if test="record.registertime != null" >
        registerTime = #{record.registertime,jdbcType=TIMESTAMP},
      </if>
    </set>
    <if test="_parameter != null" >
      <include refid="Update_By_Example_Where_Clause" />
    </if>
  </update>
  <update id="updateByExample" parameterType="map" >
    update user
    set userName = #{record.username,jdbcType=VARCHAR},
      password = #{record.password,jdbcType=VARCHAR},
      nickName = #{record.nickname,jdbcType=VARCHAR},
      realName = #{record.realname,jdbcType=VARCHAR},
      email = #{record.email,jdbcType=VARCHAR},
      phone = #{record.phone,jdbcType=VARCHAR},
      address = #{record.address,jdbcType=VARCHAR},
      status = #{record.status,jdbcType=TINYINT},
      isAdmin = #{record.isadmin,jdbcType=TINYINT},
      location = #{record.location,jdbcType=VARCHAR},
      image = #{record.image,jdbcType=VARCHAR},
      registerTime = #{record.registertime,jdbcType=TIMESTAMP}
    <if test="_parameter != null" >
      <include refid="Update_By_Example_Where_Clause" />
    </if>
  </update>
  <update id="updateByPrimaryKeySelective" parameterType="cn.gdqy.aotw.pojo.User" >
    update user
    <set >
      <if test="password != null" >
        password = #{password,jdbcType=VARCHAR},
      </if>
      <if test="nickname != null" >
        nickName = #{nickname,jdbcType=VARCHAR},
      </if>
      <if test="realname != null" >
        realName = #{realname,jdbcType=VARCHAR},
      </if>
      <if test="email != null" >
        email = #{email,jdbcType=VARCHAR},
      </if>
      <if test="phone != null" >
        phone = #{phone,jdbcType=VARCHAR},
      </if>
      <if test="address != null" >
        address = #{address,jdbcType=VARCHAR},
      </if>
      <if test="status != null" >
        status = #{status,jdbcType=TINYINT},
      </if>
      <if test="isadmin != null" >
        isAdmin = #{isadmin,jdbcType=TINYINT},
      </if>
      <if test="location != null" >
        location = #{location,jdbcType=VARCHAR},
      </if>
      <if test="image != null" >
        image = #{image,jdbcType=VARCHAR},
      </if>
      <if test="registertime != null" >
        registerTime = #{registertime,jdbcType=TIMESTAMP},
      </if>
    </set>
    where userName = #{username,jdbcType=VARCHAR}
  </update>
  <update id="updateByPrimaryKey" parameterType="cn.gdqy.aotw.pojo.User" >
    update user
    set password = #{password,jdbcType=VARCHAR},
      nickName = #{nickname,jdbcType=VARCHAR},
      realName = #{realname,jdbcType=VARCHAR},
      email = #{email,jdbcType=VARCHAR},
      phone = #{phone,jdbcType=VARCHAR},
      address = #{address,jdbcType=VARCHAR},
      status = #{status,jdbcType=TINYINT},
      isAdmin = #{isadmin,jdbcType=TINYINT},
      location = #{location,jdbcType=VARCHAR},
      image = #{image,jdbcType=VARCHAR},
      registerTime = #{registertime,jdbcType=TIMESTAMP}
    where userName = #{username,jdbcType=VARCHAR}
  </update>
  
  <select id="getGroupOwner" parameterType="int" resultMap="BaseResultMap">
  	select user.* 
  	from user left join `group` g on user.userName = g.userName
  	where g.id = #{groupId}
  </select>
</mapper>